to your browser,vào trình duyệt của bạn,
_doctype,_doctype,
_report,_report,
; not allowed in condition,; không được cho phép trong điều kiện,
'{0}' not allowed for type {1} in row {2},&#39;{0}&#39; không được phép đối với loại {1} trong hàng {2},
'In Global Search' not allowed for type {0} in row {1},"""Trong Tìm kiếm chung"" không được công nhận với loại {0} trong dãy {1}",
'In List View' not allowed for type {0} in row {1},"""Trong danh sách hiển thị"" không được công nhận với loại {0} trong hàng {1}",
'Recipients' not specified,&#39;Người nhận&#39; không được chỉ định,
"""{0}"" is not a valid Google Sheets URL",&quot;{0}&quot; không phải là URL Google Trang tính hợp lệ,
"""amended_from"" field must be present to do an amendment.",Trường &quot;đã sửa đổi&quot; phải có mặt để thực hiện sửa đổi.,
"""Company History""","""Lịch sử công ty""",
"""Parent"" signifies the parent table in which this row must be added","""Gốc"" biểu thị một bảng gốc nơi mà dãy này phải được thêm vào",
"""Team Members"" or ""Management""","""Các Thành Viên Nhóm"" hoặc  ""Ban Quản Lý""",
"{0} {1} cannot be ""{2}"". It should be one of ""{3}""","{0} {1} không thể là ""{2}"". Nó phải là một trong những ""{3}""",
"{0} {1} does not exist, select a new target to merge","{0} {1} không tồn tại, hãy chọn một mục tiêu mới để hợp nhất",
"{0} field cannot be set as unique in {1}, as there are non-unique existing values","{0}Lĩnh vực không thể  được thiết lập là duy nhất trong {1}, vì đang tồn tại những giá trị không phải duy nhất",
"{0}, Row {1}","{0}, dòng {1}",
"{0}: '{1}' ({3}) will get truncated, as max characters allowed is {2}","{0}: {1} '({3}) sẽ được cắt ngắn, vì số kí tự tối đa cho phép là {2}",
"{0}: Cannot set Submit, Cancel, Amend without Write","{0}: Không thể thiết lập quyền Duyệt, Hủy bỏ, sửa đổi mà không chọn quyền ""Viết""",
"{0}: Failed to attach new recurring document. To enable attaching document in the auto repeat notification email, enable {1} in Print Settings","{0}: Không thể đính kèm tài liệu định kỳ mới. Để bật tài liệu đính kèm trong email thông báo lặp lại tự động, hãy bật {1} trong Cài đặt in",
"{0}: Only one rule allowed with the same Role, Level and {1}","{0}: Chỉ có một quy tắc được cho phép với vai trò , cấp độ tương tự và {1}",
"<h4>Default Template</h4>\n<p>Uses <a href=""http://jinja.pocoo.org/docs/templates/"">Jinja Templating</a> and all the fields of Address (including Custom Fields if any) will be available</p>\n<pre><code>{{ address_line1 }}&lt;br&gt;\n{% if address_line2 %}{{ address_line2 }}&lt;br&gt;{% endif -%}\n{{ city }}&lt;br&gt;\n{% if state %}{{ state }}&lt;br&gt;{% endif -%}\n{% if pincode %} PIN:  {{ pincode }}&lt;br&gt;{% endif -%}\n{{ country }}&lt;br&gt;\n{% if phone %}Phone: {{ phone }}&lt;br&gt;{% endif -%}\n{% if fax %}Fax: {{ fax }}&lt;br&gt;{% endif -%}\n{% if email_id %}Email: {{ email_id }}&lt;br&gt;{% endif -%}\n</code></pre>","<h4> Default Template <!-- h4--> \n <p> Sử dụng <a href=""http://jinja.pocoo.org/docs/templates/""> Jinja Templating </a> và tất cả các lĩnh vực của Địa chỉ ( bao gồm Tuỳ chỉnh Fields nếu có) sẽ có sẵn <!-- p--> \n </p><pre> <code> {{address_line1}} &amp; lt; br &amp; gt; \n {% nếu address_line2%} {{address_line2}} &amp; lt; br &amp; gt; { endif% -%} {{\n thành phố}} &amp; lt; br &amp; gt; \n {% nếu nhà nước%} {{}} nhà nước &amp; lt; br &amp; gt; {% endif -%} {\n% nếu mã pin%} PIN: {{mã pin}} &amp; lt; br &amp; gt; {% endif -%} \n {{country}} &amp; lt; br &amp; gt; \n {% nếu điện thoại%} Điện thoại: {{phone}} &amp; lt; br &amp; gt; { % endif -%} \n {% nếu fax%} Fax: {{fax}} &amp; lt; br &amp; gt; {% endif -%} \n {% nếu email_id%} Email: {{email_id}} &amp; lt; br &amp; gt ; {% endif -}% \n <!-- code--> <!-- pre--></code></pre></h4>",
"<p>Set context before rendering a template. Example:</p><p>\n</p><div><pre><code>\ncontext.project = frappe.get_doc(""Project"", frappe.form_dict.name)\n</code></pre></div>","<p>Đặt ngữ cảnh trước khi hiển thị mẫu. Thí dụ:</p><p></p><div><pre> <code>context.project = frappe.get_doc(&quot;Project&quot;, frappe.form_dict.name)</code></pre></div>",
"Actions for workflow (e.g. Approve, Cancel).","Thao tác cho chuỗi công việc (ví dụ: Phê duyệt, Hủy bỏ).",
"Added HTML in the &lt;head&gt; section of the web page, primarily used for website verification and SEO","Thêm HTML vào trong &lt;head&gt; của trang web, chủ yếu được sử dụng để xác minh trang web và SEO",
"All possible Workflow States and roles of the workflow. Docstatus Options: 0 is""Saved"", 1 is ""Submitted"" and 2 is ""Cancelled""","Tất cả Workflow Kỳ có thể và vai trò của công việc này. Docstatus Options: 0 là &quot;Saved&quot;, 1 là &quot;Đăng&quot; và 2 là &quot;hủy&quot;",
"Allowing DocType, DocType. Be careful!","Cho phép DocType, DocType. Chị cẩn thận đó!",
"Always add ""Draft"" Heading for printing draft documents",Luôn luôn thêm &quot;Dự thảo&quot; Heading cho dự thảo văn bản in ấn,
"Another {0} with name {1} exists, select another name","Khác {0} với tên {1} tồn tại, chọn tên khác",
"Apart from System Manager, roles with Set User Permissions right can set permissions for other users for that Document Type.","Ngoài hệ thống quản lý, vai trò với Set Permissions tài phải có thể thiết lập quyền truy cập cho người dùng khác cho rằng Document Type.",
"Append as communication against this DocType (must have fields, ""Status"", ""Subject"")","Nối như truyền thông so với DocType này (phải có các lĩnh vực, ""Status"", ""Subject"")",
"As a best practice, do not assign the same set of permission rule to different Roles. Instead, set multiple Roles to the same User.","Như một thực hành tốt nhất, không chỉ định cùng một bộ quy tắc để cho phép Vai trò khác nhau. Thay vào đó, thiết lập nhiều vai trò cùng một người dùng.",
"Assign one by one, in sequence","Chỉ định từng cái một, theo thứ tự",
"browse,","duyệt,",
"By default the title is used as meta title, adding a value here will override it.","Theo mặc định, tiêu đề được sử dụng làm tiêu đề meta, việc thêm một giá trị ở đây sẽ ghi đè lên nó.",
"Cannot edit Standard Notification. To edit, please disable this and duplicate it","Không thể chỉnh sửa Thông báo chuẩn. Để chỉnh sửa, hãy tắt tính năng này và sao chép nó",
"CC, BCC & Email Template","Mẫu CC, BCC &amp; Email",
"Certain documents, like an Invoice, should not be changed once final. The final state for such documents is called Submitted. You can restrict which roles can Submit.","Một số tài liệu, giống như một hóa đơn, nên không thể thay đổi một lần thức. Trạng thái cuối cùng cho các tài liệu như vậy được gọi là Đăng. Bạn có thể hạn chế những vai trò có thể Submit.",
"Change field properties (hide, readonly, permission etc.)","Tính chất thay đổi lĩnh vực (ẩn, chỉ đọc, cho phép vv)",
"Check columns to select, drag to set order.","Kiểm tra các cột để lựa chọn, kéo để thiết lập trật tự.",
"Checking this will enable tracking page views for blogs, web pages, etc.","Kiểm tra điều này sẽ cho phép theo dõi lượt xem trang cho blog, trang web, v.v.",
"Clearing end date, as it cannot be in the past for published pages.","Xóa ngày kết thúc, vì nó không thể trong quá khứ cho các trang đã xuất bản.",
"Company, Fiscal Year and Currency defaults","Công ty, năm tài chính và tiền tệ mặc định",
"Configure notifications for mentions, assignments, energy points and more.","Cấu hình thông báo cho đề cập, bài tập, điểm năng lượng và nhiều hơn nữa.",
"Contact options, like ""Sales Query, Support Query"" etc each on a new line or separated by commas.","Tùy chọn liên hệ, như ""Truy vấn Bán hàng, Truy vấn Hỗ trợ"" v.v.. mỗi thứ một dòng mới hoặc cách nhau bằng dấu phẩy.",
"Couldn't save, please check the data you have entered","Không thể lưu, vui lòng kiểm tra dữ liệu bạn đã nhập",
"Customize Label, Print Hide, Default etc.","Tùy chỉnh Label, In Ẩn, Default, vv",
"Customized Formats for Printing, Email","Các định dạng tùy chỉnh cho in ấn, Email",
"Dear System Manager,","Thưa System Manager,",
"Dear User,",Kính gửi người dùng,
"Default: ""Contact Us""","Mặc định: ""Liên hệ""",
"Description for listing page, in plain text, only a couple of lines. (max 200 characters)","Mô tả cho trang danh sách, bằng văn bản thuần túy, chỉ có một vài dòng. (tối đa 200 ký tự)",
"Different ""States"" this document can exist in. Like ""Open"", ""Pending Approval"" etc.","Khác nhau ""Hoa"" tài liệu này có thể tồn tại in Như ""Open"", ""Đang xem xét"", vv",
"DocType's name should start with a letter and it can only consist of letters, numbers, spaces and underscores","Tên DocType nên bắt đầu bằng chữ cái và nó chỉ có thể bao gồm các chữ cái, số, dấu khoảng cách và gạch chân",
"document type..., e.g. customer","loại tài liệu ..., ví dụ: khách hàng",
"Don't HTML Encode HTML tags like &lt;script&gt; or just characters like &lt; or &gt;, as they could be intentionally used in this field","Không thẻ HTML Mã hóa HTML như &lt;script&gt; hay chỉ là nhân vật như &lt;hoặc&gt;, vì chúng có thể được cố ý sử dụng trong lĩnh vực này",
"Don't know, ask 'help'","Không biết, hãy hỏi mục 'Trợ giúp'",
"Drag and drop files, ","Kéo và thả tập tin,",
"e.g. ""Support"", ""Sales"", ""Jerry Yang""","ví dụ như ""Hỗ trợ "","" bán hàng "","" Jerry Yang """,
"Email Domain not configured for this account, Create one?","Email tên miền không được cấu hình cho tài khoản này, Tạo một tài khoản?",
"Email ID must be unique, Email Account already exists for {0}","ID email phải là duy nhất, Tài khoản email đã tồn tại cho {0}",
"Encryption key is invalid, Please check site_config.json","Khóa mã hóa không hợp lệ, Vui lòng kiểm tra site_config.json",
"Enter default value fields (keys) and values. If you add multiple values for a field, the first one will be picked. These defaults are also used to set ""match"" permission rules. To see list of fields, go to ""Customize Form"".","Nhập trường giá trị mặc định (khóa) và giá trị. Nếu bạn thêm nhiều giá trị cho một trường, một trong những đầu tiên sẽ được chọn. Mặc định này cũng được sử dụng để thiết lập &quot;trận đấu&quot; quy tắc cho phép. Để xem danh sách các lĩnh vực, vào &quot;Customize Form&quot;.",
"Enter keys to enable login via Facebook, Google, GitHub.","Nhập phím để cho phép đăng nhập thông qua Facebook, Google, GitHub.",
"Enter static url parameters here (Eg. sender=ERPNext, username=ERPNext, password=1234 etc.)","Nhập các thông số url tĩnh ở đây (Ví dụ người gửi = ERPNext, tên người dùng = ERPNext, mật khẩu = 1234, vv)",
"Error connecting to QZ Tray Application...<br><br> You need to have QZ Tray application installed and running, to use the Raw Print feature.<br><br><a target=""_blank"" href=""https://qz.io/download/"">Click here to Download and install QZ Tray</a>.<br> <a target=""_blank"" href=""https://erpnext.com/docs/user/manual/en/setting-up/print/raw-printing"">Click here to learn more about Raw Printing</a>.","Lỗi kết nối với Ứng dụng Khay QZ ... <br><br> Bạn cần cài đặt và chạy ứng dụng QZ Khay để sử dụng tính năng In thô. <br><br> <a href=""https://qz.io/download/"" target=""_blank"">Nhấn vào đây để tải xuống và cài đặt QZ Khay</a> . <br> <a href=""https://erpnext.com/docs/user/manual/en/setting-up/print/raw-printing"" target=""_blank"">Nhấn vào đây để tìm hiểu thêm về In thô</a> .",
"Ex: ""colors"": [""#d1d8dd"", ""#ff5858""]","Ví dụ: &quot;color&quot;: [&quot;# d1d8dd&quot;, &quot;# ff5858&quot;]",
"Example: ""/desk""",Ví dụ: &quot;/ bàn&quot;,
"Expression, Optional","Biểu hiện, Tùy chọn",
"Failed to decode token, please provide a valid base64-encoded token.","Không giải mã được mã thông báo, vui lòng cung cấp mã thông báo được mã hóa base64 hợp lệ.",
"Field ""route"" is mandatory for Web Views",Trường &quot;tuyến đường&quot; là bắt buộc đối với Lượt xem web,
"Field ""value"" is mandatory. Please specify value to be updated",Dòng &quot;giá trị&quot; là bắt buộc. Hãy xác định giá trị được cập nhật,
"Field that represents the Workflow State of the transaction (if field is not present, a new hidden Custom Field will be created)","Lĩnh vực đại diện cho Nhà nước Quy trình làm việc của giao dịch (nếu trường không có mặt, một ẩn mới Trường Tuỳ chỉnh sẽ được tạo ra)",
"Fields separated by comma (,) will be included in the ""Search By"" list of Search dialog box","Fields cách nhau bởi dấu phẩy (,) sẽ được bao gồm trong &quot;Tìm Kiếm Theo&quot; danh sách các hộp thoại Search",
"Filter must have 4 values (doctype, fieldname, operator, value): {0}","Bộ lọc phải có 4 định giá (kiểu văn bản, tên trường , người điều khiển, định giá): {0}",
"Filtered by ""{0}""",Lọc bởi &quot;{0}&quot;,
"Filters will be accessible via <code>filters</code>. <br><br>Send output as <code>result = [result]</code>, or for old style <code>data = [columns], [result]</code>","Bộ lọc sẽ có thể truy cập được thông qua <code>filters</code> .<br><br> Gửi đầu ra là <code>result = [result]</code> hoặc cho <code>data = [columns], [result]</code> kiểu cũ <code>data = [columns], [result]</code>",
"For comparison, use >5, <10 or =324. For ranges, use 5:10 (for values between 5 & 10).","Để so sánh, sử dụng&gt; 5, &lt;10 hoặc = 324. Đối với phạm vi, sử dụng 5:10 (cho các giá trị trong khoảng từ 5 đến 10).",
"For currency {0}, the minimum transaction amount should be {1}","Đối với đơn vị tiền tệ {0}, số tiền giao dịch tối thiểu phải là {1}",
"For example: If you want to include the document ID, use {0}","Ví dụ: Nếu bạn muốn bao gồm các ID tài liệu, sử dụng {0}",
"For help see <a href=""https://frappeframework.com/docs/user/en/guides/portal-development/web-forms"" target=""_blank"">Client Script API and Examples</a>","Để được trợ giúp, hãy xem <a href=""https://frappeframework.com/docs/user/en/guides/portal-development/web-forms"" target=""_blank"">API tập lệnh ứng dụng khách và các ví dụ</a>",
"For Links, enter the DocType as range.\nFor Select, enter list of Options, each on a new line.","Đối với Liên kết, nhập DocType như phạm vi. Đối Chọn, nhập danh sách các tùy chọn, mỗi ngày một dòng mới.",
"For more information, {0}.","Để biết thêm thông tin, {0}.",
"For more information, <a class=""text-muted"" href=""https://erpnext.com/docs/user/manual/en/setting-up/email/linking-emails-to-document"">click here</a>.","Để biết thêm thông tin, <a class=""text-muted"" href=""https://erpnext.com/docs/user/manual/en/setting-up/email/linking-emails-to-document"">bấm vào đây</a> .",
"For performance, only the first 100 rows were processed.","Đối với hiệu suất, chỉ có 100 hàng đầu tiên được xử lý.",
"For updating, you can update only selective columns.","Để cập nhật, bạn chỉ có thể cập nhật các cột được lựa chọn sẵn.",
"Google Calendar - Could not create Calendar for {0}, error code {1}.","Lịch Google - Không thể tạo Lịch cho {0}, mã lỗi {1}.",
"Google Calendar - Could not delete Event {0} from Google Calendar, error code {1}.","Lịch Google - Không thể xóa Sự kiện {0} khỏi Lịch Google, mã lỗi {1}.",
"Google Calendar - Could not fetch event from Google Calendar, error code {0}.","Lịch Google - Không thể tìm nạp sự kiện từ Lịch Google, mã lỗi {0}.",
"Google Calendar - Could not insert contact in Google Contacts {0}, error code {1}.","Lịch Google - Không thể chèn liên hệ trong Danh bạ Google {0}, mã lỗi {1}.",
"Google Calendar - Could not insert event in Google Calendar {0}, error code {1}.","Lịch Google - Không thể chèn sự kiện vào Lịch Google {0}, mã lỗi {1}.",
"Google Calendar - Could not update Event {0} in Google Calendar, error code {1}.","Lịch Google - Không thể cập nhật Sự kiện {0} trong Lịch Google, mã lỗi {1}.",
"Google Contacts - Could not sync contacts from Google Contacts {0}, error code {1}.","Danh bạ Google - Không thể đồng bộ danh bạ từ Danh bạ Google {0}, mã lỗi {1}.",
"Google Contacts - Could not update contact in Google Contacts {0}, error code {1}.","Danh bạ Google - Không thể cập nhật liên hệ trong Danh bạ Google {0}, mã lỗi {1}.",
"Google Sheets URL must end with ""gid={number}"". Copy and paste the URL from the browser address bar and try again.",URL Google Trang tính phải kết thúc bằng &quot;gid = {number}&quot;. Sao chép và dán URL từ thanh địa chỉ của trình duyệt và thử lại.,
"Help: To link to another record in the system, use ""#Form/Note/[Note Name]"" as the Link URL. (don't use ""http://"")","Giúp đỡ: Để liên kết đến bản ghi khác trong hệ thống, sử dụng ""# Mẫu / Lưu ý / [Chú ý Tên]"" như URL liên kết. (Không sử dụng ""http://"")",
"Hey, my name is ","Xin chào, tôi tên là ",
"Hint: Include symbols, numbers and capital letters in the password","Gợi ý: Bao gồm các ký hiệu, số và chữ hoa trong mật khẩu",
"How should this currency be formatted? If not set, will use system defaults","Loại tiền tệ này được định dạng ra sao ? Nếu không thiết lập, hệ thống sẽ quay về mặc định",
"HTML Header, Robots and Redirects","Tiêu đề HTML, Rô bốt và Chuyển hướng",
"If a Role does not have access at Level 0, then higher levels are meaningless.","Nếu một vai trò không có quyền truy cập ở cấp độ 0, sau đó cấp độ cao hơn là vô nghĩa.",
"If Apply Strict User Permission is checked and User Permission is defined for a DocType for a User, then all the documents where value of the link is blank, will not be shown to that User","Nếu Áp dụng Quyền Người Sử Dụng Nghiêm Trọng được kiểm tra và Quyền của Người Dùng được định nghĩa cho một DocType cho Người dùng, thì tất cả các tài liệu có giá trị của liên kết trống, sẽ không được hiển thị cho Người dùng đó",
"If checked, all other workflows become inactive.","Nếu được kiểm tra, tất cả các công việc khác trở nên không hoạt động.",
"If checked, this field will be not overwritten based on Fetch From if a value already exists.","Nếu được chọn, trường này sẽ không được ghi đè dựa trên Tìm nạp nếu giá trị đã tồn tại.",
"If checked, users will not see the Confirm Access dialog.","Nếu được kiểm tra, người dùng sẽ không thấy hộp thoại xác nhận truy cập.",
"If disabled, this role will be removed from all users.","Nếu vô hiệu hóa, vai trò này sẽ được gỡ bỏ khỏi tất cả người dùng.",
"If enabled,  user can login from any IP Address using Two Factor Auth, this can also be set for all users in System Settings","Nếu được bật, người dùng có thể đăng nhập từ bất kỳ Địa chỉ IP nào bằng Xác thực hai yếu tố, điều này cũng có thể được đặt cho tất cả người dùng trong Cài đặt hệ thống",
"If enabled, all users can login from any IP Address using Two Factor Auth. This can also be set only for specific user(s) in User Page","Nếu được bật, tất cả người dùng có thể đăng nhập từ bất kỳ Địa chỉ IP nào bằng cách sử dụng Xác thực hai yếu tố. Điều này cũng có thể được thiết lập chỉ dành cho người dùng cụ thể trong trang người dùng",
"If enabled, changes to the document are tracked and shown in timeline","Nếu được bật, các thay đổi đối với tài liệu sẽ được theo dõi và hiển thị trong dòng thời gian",
"If enabled, document views are tracked, this can happen multiple times","Nếu được bật, chế độ xem tài liệu được theo dõi, điều này có thể xảy ra nhiều lần",
"If enabled, the document is marked as seen, the first time a user opens it","Nếu được bật, tài liệu được đánh dấu là đã thấy, lần đầu tiên người dùng mở nó",
"If enabled, the notification will show up in the notifications dropdown on the top right corner of the navigation bar.","Nếu được bật, thông báo sẽ hiển thị trong menu thả xuống thông báo ở góc trên cùng bên phải của thanh điều hướng.",
"If enabled, the password strength will be enforced based on the Minimum Password Score value. A value of 2 being medium strong and 4 being very strong.","Nếu được bật, độ mạnh của mật khẩu sẽ được thi hành dựa trên giá trị điểm mật khẩu tối thiểu. một giá trị bằng 2 trở nên mạnh ở mức trung bình và bằng 4 là rất mạnh",
"If enabled, users who login from Restricted IP Address, won't be prompted for Two Factor Auth","Nếu được bật, người dùng đăng nhập từ Địa chỉ IP bị hạn chế sẽ không được nhắc về Xác thực hai yếu tố",
"If enabled, users will be notified every time they login. If not enabled, users will only be notified once.","Nếu được bật, người dùng sẽ được thông báo mỗi khi họ đăng nhập. Nếu không được kích hoạt, người dùng sẽ chỉ được thông báo một lần.",
"If Icon is set, it will be shown instead of Label","Nếu Biểu tượng được đặt, nó sẽ được hiển thị thay vì Nhãn",
"If non standard port (e.g. 587). If on Google Cloud, try port 2525.","Nếu cổng không chuẩn (ví dụ 587). Nếu trên Google Cloud, hãy thử cổng 2525.",
"If non-standard port (e.g. POP3: 995/110, IMAP: 993/143)","Nếu cổng không chuẩn (ví dụ: POP3: 995/110, IMAP: 993/143)",
"If not set, the currency precision will depend on number format","Nếu không được đặt, độ chính xác tiền tệ sẽ phụ thuộc vào định dạng số",
"If the user has any role checked, then the user becomes a ""System User"". ""System User"" has access to the desktop","Nếu người dùng có bất kỳ vai trò nào được kiểm tra, sau đó người dùng sẽ trở thành một ""người dùng hệ thống"". ""Người dùng hệ thống"" có quyền truy cập vào các máy tính để bàn",
"If these instructions where not helpful, please add in your suggestions on GitHub Issues.","Nếu những chỉ dẫn không hữu ích, hãy thêm vào đề xuất của bạn về các vấn đề GitHub.",
"If this is checked, rows with valid data will be imported and invalid rows will be dumped into a new file for you to import later.","Nếu điều này được chọn, các hàng có dữ liệu hợp lệ sẽ được nhập và các hàng không hợp lệ sẽ được bán vào một tệp mới để bạn nhập sau này.",
"If you are updating, please select ""Overwrite"" else existing rows will not be deleted.","Nếu bạn đang chờ cập nhật, vui lòng chọn ""Overwrite"" hàng khác hiện tại sẽ không bị xóa.",
"If you are uploading new records, ""Naming Series"" becomes mandatory, if present.","Nếu bạn đang tải lên bản ghi mới, ""Đặt tên Series"" trở thành bắt buộc, nếu có.",
"If you are uploading new records, leave the ""name"" (ID) column blank.","Nếu bạn đang tải lên bản ghi mới, để trống ""tên"" (ID) cột trống",
"If you set this, this Item will come in a drop-down under the selected parent.","Nếu bạn thiết lập này, khoản này sẽ đến trong một thả xuống dưới mẫu gốc được lựa chọn.",
"If you think this is unauthorized, please change the Administrator password.","Nếu bạn nghĩ rằng điều này là không được phép, hãy thay đổi mật khẩu quản trị.",
"If your data is in HTML, please copy paste the exact HTML code with the tags.","Nếu dữ liệu của bạn trong HTML, hãy sao chép và dán mã HTML chính xác với các thẻ.",
"Import template should be of type .csv, .xlsx or .xls","Mẫu nhập phải là loại .csv, .xlsx hoặc .xls",
"Importing {0} of {1}, {2}","Nhập {0} trong số {1}, {2}",
"Include symbols, numbers and capital letters in the password","Bao gồm các ký hiệu, số và chữ hoa trong mật khẩu",
"Insert After field '{0}' mentioned in Custom Field '{1}', with label '{2}', does not exist","Chèn Sau trường &#39;{0}&#39; đề cập trong trường tùy chỉnh &#39;{1}&#39;, với nhãn &#39;{2}&#39;, không tồn tại",
"Invalid ""depends_on"" expression set in filter {0}",Biểu thức &quot;depend_on&quot; không hợp lệ được đặt trong bộ lọc {0},
"Invalid ""depends_on"" expression",Biểu thức &quot;depends_on&quot; không hợp lệ,
"Invalid Authorization headers, add a token with a prefix from one of the following: {0}.","Tiêu đề Ủy quyền không hợp lệ, hãy thêm mã thông báo có tiền tố từ một trong các tiêu đề sau: {0}.",
"Invalid Authorization Type {0}, must be one of {1}.","Loại ủy quyền không hợp lệ {0}, phải là một trong {1}.",
"Invalid Bearer token, please provide a valid access token with prefix 'Bearer'.","Mã thông báo Bearer không hợp lệ, vui lòng cung cấp mã truy cập hợp lệ có tiền tố &#39;Bearer&#39;.",
"Invalid token, please provide a valid token with prefix 'Basic' or 'Token'.","Mã thông báo không hợp lệ, vui lòng cung cấp mã thông báo hợp lệ có tiền tố &#39;Cơ bản&#39; hoặc &#39;Mã thông báo&#39;.",
"Language, Date and Time settings","Thiết lập định dạng Ngôn ngữ, ngày, giờ",
"LDAP Search String needs to end with a placeholder, eg sAMAccountName={0}","Chuỗi tìm kiếm LDAP cần kết thúc bằng một trình giữ chỗ, ví dụ: sAMAccountName = {0}",
"Level 0 is for document level permissions, higher levels for field level permissions.","Cấp 0 dành cho quyền cấp tài liệu, cấp cao hơn cho quyền cấp trường.",
"Link that is the website home page. Standard Links (index, login, products, blog, about, contact)","Liên kết mà là trang chủ website. Các Liên kết Chuẩn (mục lục, đăng nhập, các sản phẩm, blog, về, liên lạc)",
"List as [{""label"": _(""Jobs""), ""route"":""jobs""}]","Danh sách như [{ ""label"": _ ( ""Công việc""), ""tuyến đường"": ""công việc""}]",
"Login session expired, refresh page to retry","Thời gian đăng nhập hết hạn, trang làm mới để thử lại",
"Looks like something went wrong during the transaction. Since we haven't confirmed the payment, Paypal will automatically refund you this amount. If it doesn't, please send us an email and mention the Correlation ID: {0}.","Hình như cái gì đó đã đi sai trong quá trình giao dịch. Kể từ khi chúng tôi đã không xác nhận việc thanh toán, Paypal sẽ tự động trả lại bạn số tiền này. Nếu không, xin vui lòng gửi email cho chúng tôi và đề cập đến các ID tương quan: {0}.",
"Maintains a Log of all inserts, updates and deletions on Event Producer site for documents that have consumers.","Duy trì Nhật ký của tất cả các chèn, cập nhật và xóa trên trang web của Nhà sản xuất sự kiện cho các tài liệu có người tiêu dùng.",
"Make ""name"" searchable in Global Search","Tạo ""tên"" tìm kiếm trong toàn cầu Tìm kiếm",
"Mandatory fields required in table {0}, Row {1}","các trường bắt buộc cần thiết trong bảng {0}, dãy {1}",
"Meaning of Submit, Cancel, Amend","Ý Nghĩa của Gửi, Hủy bỏ, sửa đổi",
"Must be of type ""Attach Image""",Phải là loại &quot;Đính kèm hình ảnh&quot;,
"Naming Options:\n<ol><li><b>field:[fieldname]</b> - By Field</li><li><b>naming_series:</b> - By Naming Series (field called naming_series must be present</li><li><b>Prompt</b> - Prompt user for a name</li><li><b>[series]</b> - Series by prefix (separated by a dot); for example PRE.#####</li>\n<li><b>format:EXAMPLE-{MM}morewords{fieldname1}-{fieldname2}-{#####}</b> - Replace all braced words (fieldnames, date words (DD, MM, YY), series) with their value. Outside braces, any characters can be used.</li></ol>","Tùy chọn đặt tên: <ol><li> <b>field: [fieldname]</b> - Theo trường </li><li> <b>naming_series:</b> - Bằng cách đặt tên Series (trường có tên là naming_series phải có mặt </li><li> <b>Nhắc</b> - Người dùng nhắc tên </li><li> <b>[series]</b> - Chuỗi theo tiền tố (cách nhau bằng dấu chấm); ví dụ PRE. ##### </li><li> <b>format: EXAMPLE- {MM} morewords {fieldname1} - {fieldname2} - {#####}</b> - Thay thế tất cả các từ được đặt (tên trường, từ ngày tháng (DD, MM, YY), chuỗi) với giá trị của chúng. Bên ngoài niềng răng, bất kỳ nhân vật có thể được sử dụng. </li></ol>",
"Newsletters to contacts, leads.","Bản tin tới liên hệ, tiềm năng.",
"No fields found that can be used as a Kanban Column. Use the Customize Form to add a Custom Field of type ""Select"".",Không tìm thấy trường nào có thể được sử dụng làm Cột Kanban. Sử dụng Biểu mẫu tùy chỉnh để thêm Trường tùy chỉnh loại &quot;Chọn&quot;.,
"No need for symbols, digits, or uppercase letters.","Không cần ký hiệu, chữ số, hoặc con chữ in hoa",
"Not allowed to attach {0} document, please enable Allow Print For {0} in Print Settings","Không được phép đính kèm tài liệu {0}, vui lòng bật Cho phép In Đối với {0} trong Cài đặt In",
"Note: For best results,  images must be of the same size and width must be greater than height.","Lưu ý: Để có kết quả tốt nhất, hình ảnh phải có cùng kích thước và chiều rộng phải lớn hơn chiều cao.",
"On {0}, {1} wrote:","Trên {0}, {1} đã viết:",
"Once submitted, submittable documents cannot be changed. They can only be Cancelled and Amended.","Sau khi gửi, tài liệu có thể gửi có thể được thay đổi. Họ chỉ có thể được hủy bỏ và sửa đổi.",
"Once you have set this, the users will only be able access documents (eg. Blog Post) where the link exists (eg. Blogger).","Một khi bạn đã thiết lập điều này, người dùng sẽ chỉ có khả năng truy cập các tài liệu (ví dụ: Bài viết trên blog) nơi liên kết tồn tại (ví dụ: Blogger).",
"Oops, you are not allowed to know that","Rất tiếc, bạn không được phép để biết rằng",
"PDF printing via ""Raw Print"" is not yet supported. Please remove the printer mapping in Printer Settings and try again.",In PDF qua &quot;In thô&quot; chưa được hỗ trợ. Vui lòng xóa ánh xạ máy in trong Cài đặt máy in và thử lại.,
"Permissions are set on Roles and Document Types (called DocTypes) by setting rights like Read, Write, Create, Delete, Submit, Cancel, Amend, Report, Import, Export, Print, Email and Set User Permissions.","Quyền hạn được thiết lập trên vai trò và các loại tài liệu (gọi là doctypes) bằng cách thiết lập quyền như Đọc, Viết, Tạo, Xóa, Gửi, Hủy bỏ, sửa đổi, Báo cáo, nhập khẩu, xuất khẩu, in, email và thiết lập quyền người dùng",
"Permissions at level 0 are Document Level permissions, i.e. they are primary for access to the document.","Quyền ở mức 0 là quyền  hạn cấp độ văn bản, nghĩa là chúng chủ yếu là để để truy cập vào tài liệu.",
"Please check the value of ""Fetch From"" set for field {0}",Vui lòng kiểm tra giá trị của &quot;Tìm nạp từ&quot; được đặt cho trường {0},
"Please setup SMS before setting it as an authentication method, via SMS Settings","Vui lòng thiết lập SMS trước khi cài đặt nó làm phương pháp xác thực, thông qua Cài đặt SMS",
"Post it here, our mentors will help you out.","Đăng câu hỏi tại đây, giảng viên sẽ hỗ trợ bạn.",
"Print Width of the field, if the field is a column in a table","In chiều rộng của trường, nếu trường là 1 cột trong bảng",
"Renamed files and replaced code in controllers, please check!","Đổi tên tập tin và mã thay thế trong bộ điều khiển, vui lòng kiểm tra!",
"Repeats like ""aaa"" are easy to guess",Lặp đi lặp lại như &quot;aaa&quot; rất dễ đoán,
"Repeats like ""abcabcabc"" are only slightly harder to guess than ""abc""",Lặp đi lặp lại như &quot;abcabcabc&quot; chỉ hơi khó đoán hơn &quot;abc&quot;,
"Report has no data, please modify the filters or change the Report Name","Báo cáo không có dữ liệu, vui lòng sửa đổi các bộ lọc hoặc thay đổi Tên báo cáo",
"Report has no numeric fields, please change the Report Name","Báo cáo không có trường số, vui lòng thay đổi Tên Báo cáo",
"Route: Example ""/desk""",Tuyến đường: Ví dụ &quot;/ bàn&quot;,
"Rules for how states are transitions, like next state and which role is allowed to change state etc.","Qui tắc để các quốc gia là quá trình chuyển đổi, như trạng thái tiếp theo và đó vai trò được phép thay đổi trạng thái, vv",
"Seems issue with server's razorpay config. Don't worry, in case of failure amount will get refunded to your account.","Dường như có vấn đề với cấu hình razorpay của máy chủ. Đừng lo lắng, trong trường hợp thiếu hụt, số tiền sẽ được hoàn trả vào tài khoản của bạn.",
"Select your Country, Time Zone and Currency","Chọn quốc gia của bạn, Time Zone và ngoại tệ",
"Set default format, page size, print style etc.","Thiết lập định dạng mặc định, kích thước trang, phong cách in vv",
"Set Default Options for all charts on this Dashboard (Ex: ""colors"": [""#d1d8dd"", ""#ff5858""])","Đặt Tùy chọn Mặc định cho tất cả các biểu đồ trên Trang tổng quan này (Ví dụ: &quot;color&quot;: [&quot;# d1d8dd&quot;, &quot;# ff5858&quot;])",
"Setup of top navigation bar, footer and logo.","Thiết lập các đầu thanh điều hướng, chân và logo.",
"Show title in browser window as ""Prefix - title""",Hiển thị tiêu đề trong cửa sổ trình duyệt như &quot;Prefix - title&quot;,
"Simple Python Expression, Example: status == 'Open' and type == 'Bug'","Biểu thức Python đơn giản, Ví dụ: status == &#39;Open&#39; và gõ == &#39;Bug&#39;",
"Simple Python Expression, Example: Status in (""Closed"", ""Cancelled"")","Biểu thức Python đơn giản, Ví dụ: Trạng thái trong (&quot;Đã đóng&quot;, &quot;Đã hủy&quot;)",
"Simple Python Expression, Example: Status in (""Invalid"")","Biểu thức Python đơn giản, Ví dụ: Trạng thái trong (&quot;Không hợp lệ&quot;)",
"Slots","Khung giờ",
"Something went wrong while loading Desk. <b>Please relaod the page</b>. If the problem persists, contact the Administrator","Đã xảy ra sự cố khi tải Bàn. <b>Vui lòng khởi động lại trang</b> . Nếu sự cố vẫn tiếp diễn, hãy liên hệ với Quản trị viên",
"Sorry, you're not authorized.","Xin lỗi, bạn không được phép.",
"Special Characters except '-', '#', '.', '/', '{{' and '}}' not allowed in naming series {0}","Các ký tự đặc biệt ngoại trừ &quot;-&quot;, &quot;#&quot;, &quot;.&quot;, &quot;/&quot;, &quot;{{&quot; Và &quot;}}&quot; không được phép trong chuỗi đặt tên {0}",
"SQL Conditions. Example: status=""Open""","Điều kiện SQL. Ví dụ: trạng thái = ""Mở""",
"Standard DocType cannot have default print format, use Customize Form","Loại văn bản tiêu chuẩn không thể có định dạng in mặc định, sử dụng dạng tùy chỉnh",
"States for workflow (e.g. Draft, Approved, Cancelled).","Báo cáo quy trình công việc (ví dụ như Dự thảo, phê duyệt, hủy bỏ).",
"Style represents the button color: Success - Green, Danger - Red, Inverse - Black, Primary - Dark Blue, Info - Light Blue, Warning - Orange","Phong cách đại diện cho các nút màu: Thành công - Green, nguy hiểm - Đỏ, Inverse - Black, Tiểu học - Dark Blue, Thông tin - Light Blue, Cảnh báo - Orange",
"Sub-currency. For e.g. ""Cent""","Phụ tiền tệ. Cho ví dụ ""Phần trăm """,
"Subject Field type should be Data, Text, Long Text, Small Text, Text Editor","Loại Trường chủ đề phải là Dữ liệu, Văn bản, Văn bản dài, Văn bản nhỏ, Trình soạn thảo văn bản",
"Successfully imported {0} record out of {1}. Click on Export Errored Rows, fix the errors and import again.","Đã nhập thành công bản ghi {0} ra khỏi {1}. Nhấp vào Xuất hàng bị lỗi, sửa lỗi và nhập lại.",
"Successfully imported {0} records out of {1}. Click on Export Errored Rows, fix the errors and import again.","Đã nhập thành công {0} bản ghi ra khỏi {1}. Nhấp vào Xuất hàng bị lỗi, sửa lỗi và nhập lại.",
"Successfully updated {0} record out of {1}. Click on Export Errored Rows, fix the errors and import again.","Đã cập nhật thành công {0} bản ghi trong số {1}. Nhấp vào Xuất hàng bị lỗi, sửa lỗi và nhập lại.",
"Successfully updated {0} records out of {1}. Click on Export Errored Rows, fix the errors and import again.","Đã cập nhật thành công {0} bản ghi trong số {1}. Nhấp vào Xuất hàng bị lỗi, sửa lỗi và nhập lại.",
"Sync token was invalid and has been resetted, Retry syncing.","Mã thông báo đồng bộ hóa không hợp lệ và đã được đặt lại, Hãy thử đồng bộ hóa lại.",
"tag name..., e.g. #tag","tên thẻ ..., ví dụ #tag",
"The application has been updated to a new version, please refresh this page","Ứng dụng này đã được cập nhật lên phiên bản mới, hãy làm mới trang này",
"The meta description is an HTML attribute that provides a brief summary of a web page. Search engines such as Google often display the meta description in search results, which can influence click-through rates.","Mô tả meta là một thuộc tính HTML cung cấp một bản tóm tắt ngắn gọn về một trang web. Các công cụ tìm kiếm như Google thường hiển thị mô tả meta trong kết quả tìm kiếm, điều này có thể ảnh hưởng đến tỷ lệ nhấp.",
"The meta image is unique image representing the content of the page. Images for this Card should be at least 280px in width, and at least 150px in height.",Hình ảnh meta là hình ảnh duy nhất đại diện cho nội dung của trang. Hình ảnh cho Thẻ này phải có chiều rộng ít nhất là 280px và chiều cao ít nhất là 150px.,
"There seems to be an issue with the server's braintree configuration. Don't worry, in case of failure, the amount will get refunded to your account.","Có vẻ như có vấn đề với cấu hình Braintree của máy chủ. Đừng lo lắng, trong trường hợp thất bại, số tiền sẽ được hoàn lại vào tài khoản của bạn.",
"There were some errors setting the name, please contact the administrator","Đã có một số lỗi thiết lập tên, xin vui lòng liên hệ quản trị viên",
"This course requires you to complete an evaluation to get certified. Please pick a slot based on your convenience for the evaluations.","Khóa học này yêu cầu bạn hoàn thành một bài đánh giá để nhận chứng chỉ. Hãy chọn khung giờ phù hợp để thực hiện bài đánh giá.",
"This document is already amended, you cannot ammend it again","Tài liệu này đã được sửa đổi, bạn không thể sửa đổi lại",
"This lesson is not available for preview. As you are the Instructor of the course only you can see it.","Bài học này không có sẵn để xem trước. Vì bạn là giảng viên, chỉ bạn mới có thể xem nó.",
"This lesson is not available for preview. Please join the course to access it.","Bài học này không có sẵn để xem trước. Vui lòng ghi danh để truy cập.",
"This will be automatically generated when you publish the page, you can also enter a route yourself if you wish","Điều này sẽ được tạo tự động khi bạn xuất bản trang, bạn cũng có thể tự nhập lộ trình nếu muốn",
"To add dynamic subject, use jinja tags like\n\n<div><pre><code>{{ doc.name }} Delivered</code></pre></div>","Để thêm môn học năng động, sử dụng các thẻ jinja như <div><pre> <code>{{ doc.name }} Delivered</code> </pre> </div>",
"To add dynamic subject, use jinja tags like\n\n<div><pre><code>New {{ doc.doctype }} #{{ doc.name }}</code></pre></div>","Để thêm chủ đề động, hãy sử dụng thẻ jinja như <div><pre> <code>New {{ doc.doctype }} #{{ doc.name }}</code> </pre> </div>",
"To configure Auto Repeat, enable ""Allow Auto Repeat"" from {0}.","Để định cấu hình Lặp lại tự động, bật &quot;Cho phép lặp lại tự động&quot; từ {0}.",
"To get the updated report, click on {0}.","Để nhận báo cáo cập nhật, nhấp vào {0}.",
"To use Google Calendar, enable {0}.","Để sử dụng Lịch Google, bật {0}.",
"To use Google Contacts, enable {0}.","Để sử dụng Danh bạ Google, hãy bật {0}.",
"To use Google Drive, enable {0}.","Để sử dụng Google Drive, hãy bật {0}.",
"To use Google Indexing, enable <a href=""#Form/Google Settings"">Google Settings</a>.","Để sử dụng Lập chỉ mục của Google, hãy bật <a href=""#Form/Google Settings"">Cài đặt Google</a> .",
"To use Slack Channel, add a <a href=""#List/Slack%20Webhook%20URL/List"">Slack Webhook URL</a>.","Để sử dụng Slack Channel, hãy thêm <a href=""#List/Slack%20Webhook%20URL/List"">URL của Slack Webhook</a> .",
"To use WhatsApp for Business, initialize <a href=""#Form/Twilio Settings"">Twilio Settings</a>.","Để sử dụng WhatsApp cho Doanh nghiệp, hãy khởi chạy <a href=""#Form/Twilio Settings"">Cài đặt Twilio</a> .",
"Too many users signed up recently, so the registration is disabled. Please try back in an hour","Quá nhiều người sử dụng đã đăng ký gần đây, do việc đăng ký bị vô hiệu hóa. Vui lòng thử lại trong một giờ",
"Track if your email has been opened by the recipient.\n<br>\nNote: If you're sending to multiple recipients, even if 1 recipient reads the email, it'll be considered ""Opened""","Theo dõi xem email của bạn đã được người nhận mở chưa. <br> Lưu ý: Nếu bạn đang gửi tới nhiều người nhận, ngay cả khi 1 người nhận đọc email, người đó sẽ được coi là &quot;Đã mở&quot;",
"Trigger on valid methods like ""before_insert"", ""after_update"", etc (will depend on the DocType selected)","Sử dụng với các phương pháp có giá trị như ""before_insert"", ""after_update"", vv (sẽ phụ thuộc vào kiểu văn bản được chọn)",
"Unknown file encoding. Tried utf-8, windows-1250, windows-1252.","Không biết mã hóa tập tin. Cố gắng UTF-8, các cửa sổ-1250, các cửa sổ-1252.",
"Updating {0} of {1}, {2}","Cập nhật {0} trong số {1}, {2}",
"URIs for receiving authorization code once the user allows access, as well as failure responses. Typically a REST endpoint exposed by the Client App.\n<br>e.g. http://hostname//api/method/frappe.www.login.login_via_facebook","URI cho nhận được mã uỷ quyền khi người sử dụng cho phép truy cập, cũng như phản ứng thất bại. Thông thường một thiết bị đầu cuối REST của tiếp xúc của khách hàng App. <br> ví dụ như http: //hostname//api/method/frappe.www.login.login_via_facebook",
"Use a few words, avoid common phrases.","Sử dụng một vài từ, tránh cụm từ phổ biến.",
"View Log of all print, download and export events","Xem Nhật ký của tất cả các sự kiện in, tải xuống và xuất",
"When enabled this will allow guests to upload files to your application, You can enable this if you wish to collect files from user without having them to log in, for example in job applications web form.","Khi được bật, điều này sẽ cho phép khách tải tệp lên ứng dụng của bạn, Bạn có thể bật tùy chọn này nếu bạn muốn thu thập tệp từ người dùng mà không cần phải đăng nhập, ví dụ như ở dạng web ứng dụng công việc.",
"When you Amend a document after Cancel and save it, it will get a new number that is a version of the old number.","Khi bạn sửa đổi một tài liệu sau khi Hủy bỏ và lưu nó, nó sẽ nhận được một số mới mà là một phiên bản của số cũ.",
"Will add ""%"" before and after the query",Sẽ thêm &quot;%&quot; trước và sau truy vấn,
"You are not allowed to access {0} because it is linked to {1} '{2}' in row {3}, field {4}","Bạn không được phép truy cập {0} vì nó được liên kết với {1} '{2}' trong hàng {3}, trường {4}",
"You can change Submitted documents by cancelling them and then, amending them.",Bạn có thể thay đổi tài liệu đã gửi bằng cách hủy bỏ chúng và sau đó sửa đổi.,
"You can only upload JPG, PNG, PDF, or Microsoft documents.","Bạn chỉ có thể tải lên tài liệu JPG, PNG, PDF hoặc Microsoft.",
"You can select one from the following,","Bạn có thể chọn một trong các tùy chọn sau,",
"You have exceeded the maximum number of attempts allowed to appear for evaluations of this course.","Bạn đã vượt quá số lần cho phép để tham gia đánh giá của khóa học này.",
"You need to have ""Share"" permission","Bạn cần phải có quyền cho phép ""chia sẻ """,
"You're doing great, let's take you back to the onboarding page.","Bạn đang làm rất tốt, hãy đưa bạn trở lại trang giới thiệu.",
"Your course is currently under review. Once the review is complete, the System Admins will publish it on the website.","Khóa học của bạn hiện đang được xem xét. Sau khi hoàn tất, quản trị viên hệ thống sẽ đăng lên trang web.",
"Your query has been received. We will reply back shortly. If you have any additional information, please reply to this mail.","Chúng tôi đã nhận được yêu cầu của bạn và sẽ trả lời sớm. Nếu bạn có bất kỳ thông tin bổ sung, vui lòng trả lời email này.",
"Your session has expired, please login again to continue.","Phiên của bạn đã hết hạn, vui lòng đăng nhập lại để tiếp tục.",
(Ctrl + G),(Ctrl + G),
(Mandatory),(Bắt buộc),
{{{0}}} is not a valid fieldname pattern. It should be {{field_name}}.,{{{0}}} không phải là một mẫu tên trường hợp lệ. Nên là {{field_name}}.,
{} Complete,{} Hoàn thành,
{} Dashboard,{} Bảng điều khiển,
{} is not a valid date string.,{} không phải là một chuỗi ngày hợp lệ.,
{0} ({1}) (1 row mandatory),{0} ({1}) (1 hàng bắt buộc),
{0} {1} added to Dashboard {2},{0} {1} đã được thêm vào Trang tổng quan {2},
{0} {1} added,Đã thêm {0} {1},
{0} {1} already exists,{0} {1} đã tồn tại,
{0} {1} cannot be a leaf node as it has children,{0} {1} không thể là một cuống lá vì nó có nhánh con,
{0} {1} is linked with the following submitted documents: {2},{0} {1} được liên kết với các tài liệu được gửi sau đây: {2},
{0} {1} not found,{0} {1} không tìm thấy,
{0} {1} to {2},{0} {1} đến {2},
{0} {1}: Submitted Record cannot be deleted. You must {2} Cancel {3} it first.,"{0} {1}: Không thể xóa Bản ghi đã gửi. Trước tiên, bạn phải {2} Hủy {3} nó.",
{0} added,{0}đã thêm,
{0} already exists. Select another name,{0} đã tồn tại. Chọn tên khác,
{0} already unsubscribed for {1} {2},{0} đã hủy đăng ký cho {1} {2},
{0} already unsubscribed,{0} đã bỏ đăng ký,
{0} and {1},{0} và {1},
{0} appreciated {1},{0} đánh giá cao {1},
{0} appreciated on {1},{0} được đánh giá cao trên {1},
{0} appreciated your work on {1} with {2} point,{0} đánh giá cao công việc của bạn trên {1} với {2} điểm,
{0} appreciated your work on {1} with {2} points,{0} đánh giá cao công việc của bạn trên {1} với {2} điểm,
{0} appreciation point for {1} {2},{0} điểm đánh giá cao cho {1} {2},
{0} appreciation points for {1} {2},{0} điểm đánh giá cao cho {1} {2},
{0} are currently {1},{0} hiện là {1},
{0} are mandatory fields,{0} là các trường bắt buộc,
{0} are required,{0} là bắt buộc,
{0} assigned {1}: {2},{0} đã giao cho {1}: {2},
{0} assigned a new task {1} {2} to you,{0} đã giao một nhiệm vụ mới {1} {2} cho bạn,
{0} Calendar,{0} Lịch,
{0} cannot be set for Single types,{0} không thể thiết lập cho những kiểu Đơn,
{0} Chart,{0} Biểu đồ,
{0} comments,{0} bình luận,
{0}% completed,{0}% hoàn thành,
{0} created successfully,Đã tạo thành công {0},
{0} criticism point for {1} {2},{0} điểm chỉ trích cho {1} {2},
{0} criticism points for {1} {2},{0} điểm chỉ trích cho {1} {2},
{0} criticized {1},{0} bị chỉ trích {1},
{0} criticized on {1},{0} bị chỉ trích vào {1},
{0} criticized your work on {1} with {2} point,{0} đã chỉ trích công việc của bạn trên {1} với {2} điểm,
{0} criticized your work on {1} with {2} points,{0} đã chỉ trích công việc của bạn trên {1} với {2} điểm,
{0} d,{0} ngày,
{0} Dashboard,{0} Bảng điều khiển,
{0} days ago,{0} ngày trước,
{0} does not exist in row {1},{0} không tồn tại trong dãy {1},
{0} Fields,{0} Trường,
{0} gained {1} point for {2} {3},{0} đã đạt được {1} điểm cho {2} {3},
{0} gained {1} points for {2} {3},{0} đã đạt được {1} điểm cho {2} {3},
{0} Google Calendar Events synced.,{0} Sự kiện Lịch Google được đồng bộ hóa.,
{0} Google Contacts synced.,{0} Danh bạ Google được đồng bộ hóa.,
{0} h,{0} giờ,
{0} has already assigned default value for {1}.,{0} đã gán giá trị mặc định cho {1}.,
{0} has been successfully added to the Email Group.,{0} đã được thêm thành công vào Email Group.,
{0} has left the conversation in {1} {2},{0} đã rời khỏi cuộc trò chuyện trong {1} {2},
{0} has no versions tracked.,{0} không có phiên bản nào được theo dõi.,
{0} hours ago,{0} giờ trước,
{0} in row {1} cannot have both URL and child items,{0} trong dãy {1} không thể đồng thời có cả  URL và các vật tư nhỏ,
{0} is a mandatory field asdadsf,{0} là trường bắt buộc asdadsf,
{0} is a mandatory field,{0} là một trường bắt buộc,
{0} is an invalid Data field.,{0} là trường Dữ liệu không hợp lệ.,
{0} is an invalid email address in 'Recipients',{0} là địa chỉ email không hợp lệ trong &#39;Người nhận&#39;,
{0} is currently {1},{0} hiện là {1},
{0} is mandatory,{0} là bắt buộc,
{0} is not a raw printing format.,{0} không phải là định dạng in thô.,
{0} is not a valid DocType for Dynamic Link,{0} không phải là DocType hợp lệ cho Liên kết động,
{0} is not a valid Email Address,{0} không phải là một địa chỉ email hợp lệ,
{0} is not a valid file url,{0} không phải là url tệp hợp lệ,
{0} is not a valid Name,{0} không phải là một tên hợp lệ,
{0} is not a valid Phone Number,{0} không phải là một số điện thoại hợp lệ,
{0} is not a valid report format. Report format should one of the following {1},{0} không phải là định dạng báo cáo hợp lệ. Định dạng báo cáo phải là một trong những {1} sau,
{0} is not a valid Workflow State. Please update your Workflow and try again.,{0} không phải là Trạng thái luồng công việc hợp lệ. Vui lòng cập nhật Quy trình làm việc của bạn và thử lại.,
{0} is now default print format for {1} doctype,{0} giờ là định dạng in mặc định cho loại tài liệu {1},
{0} is required,{0} được yêu cầu,
{0} is saved,{0} được lưu,
{0} items selected,{0} mục đã được chọn,
{0} List,{0} Danh sách,
{0} logged in,{0} đã đăng nhập,
{0} logged out: {1},{0} đăng xuất khỏi: {1},
{0} M,{0} M,
{0} m,{0} phút,
{0} mentioned you in a comment in {1} {2},{0} đã đề cập đến bạn trong một nhận xét trong {1} {2},
{0} minutes ago,{0} phút trước,
{0} Modules,{0} Mô-đun,
{0} months ago,{0} tháng trước,
{0} must be after {1},{0} phải sau {1},
{0} must be one of {1},{0} phải là một trong {1},
{0} must be set first,{0} phải được thiết lập trước,
{0} must be unique,{0} phải là duy nhất,
{0} Name,{0} Tên,
{0} not a valid State,{0} tình trạng ko hợp lệ,
{0} not allowed to be renamed,{0} không được phép đổi tên,
{0} not found,{0} không tìm thấy,
{0} of {1} ({2} rows with children),{0} trong số {1} ({2} hàng có trẻ em),
{0} of {1},{0} trong tổng số {1},
{0} or {1},{0} hoặc {1},
{0} record deleted,Đã xóa bản ghi {0},
{0} records deleted,{0} hồ sơ đã bị xóa,
{0} records will be exported,{0} hồ sơ sẽ được xuất,
{0} Report,{0} Báo cáo,
{0} Reports,{0} Báo cáo,
{0} reverted {1},{0} hoàn nguyên {1},
{0} reverted your point on {1},{0} hoàn nguyên quan điểm của bạn về {1},
{0} reverted your points on {1},{0} hoàn nguyên điểm của bạn trên {1},
{0} room must have atmost one user.,{0} phòng phải có tối đa một người dùng.,
{0} rows for {1},{0} các dãy cho {1},
{0} saved successfully,{0} đã lưu thành công,
{0} self assigned this task: {1},{0} tự giao nhiệm vụ này: {1},
{0} Settings not found,{0} Cài đặt không tìm thấy,
{0} Settings,{0} Cài đặt,
{0} shared a document {1} {2} with you,{0} đã chia sẻ tài liệu {1} {2} với bạn,
{0} shared this document with {1},{0} đã chia sẻ tài liệu này với {1},
{0} shared this document with everyone,{0} đã chia sẻ tài liệu này với tất cả mọi người,
{0} should not be same as {1},{0} không nên giống với {1},
{0} subscribers added,{0}người đăng ký đã được thêm,
{0} to {1},{0} đến {1},
{0} to stop receiving emails of this type,{0} để ngừng nhận email loại này,
{0} translations pending,{0} bản dịch đang chờ xử lý,
{0} Tree,{0} Cây,
{0} un-shared this document with {1},{0} hủy chia sẻ tài liệu này với {1},
{0} updated,{0} đã được cập nhật,
{0} values selected,{0} giá trị được chọn,
{0} w,{0} w,
{0} Web page views,{0} Lượt xem Trang,
{0} weeks ago,Cách đây {0} tuần,
{0} y,{0} y,
{0} years ago,{0} năm trước,
{0}: {1} in {2},{0}: {1} trong {2},
{0}: {1} is set to state {2},{0}: {1} được đặt thành trạng thái {2},
{0}: {1} vs {2},{0}: {1} đấu với {2},
{0}: Cannot set Amend without Cancel,{0}: Không thể thiết lập Sửa mà không chọn Hủy bỏ,
{0}: Cannot set Assign Amend if not Submittable,"{0}: Không thể thiết lập ""Sửa chỉ định"" nếu không thể duyệt",
{0}: Cannot set Assign Submit if not Submittable,"{0}: Không thể thiết lập ""Duyệt chỉ định"" nếu không thể duyệt",
{0}: Cannot set Cancel without Submit,"{0}: Không thể thiết lập Hủy bỏ mà không chọn ""Duyệt""",
{0}: Cannot set import as {1} is not importable,"{0}: Không thể thiết lập""nhập vào"" vì {1} không thể nhập vào được",
{0}: Cannot set Import without Create,"{0}: Không thể thiết lập ""nhập vào"" mà không chọn ""Khởi Tạo""",
{0}: Field '{1}' cannot be set as Unique as it has non-unique values,{0}: Không thể đặt trường &#39;{1}&#39; là Duy nhất vì nó có các giá trị không duy nhất,
{0}: Field {1} in row {2} cannot be hidden and mandatory without default,{0}: Trường {1} trong hàng {2} không thể bị ẩn và bắt buộc mà không có mặc định,
{0}: Field {1} of type {2} cannot be mandatory,{0}: Trường {1} loại {2} không thể bắt buộc,
{0}: Fieldname {1} appears multiple times in rows {2},{0}: Tên trường {1} xuất hiện nhiều lần trong các hàng {2},
{0}: Fieldname cannot be one of {1},{0}: Tên trường không thể là một trong {1},
{0}: Fieldtype {1} for {2} cannot be unique,{0}: Fieldtype {1} cho {2} không thể là duy nhất,
{0}: No basic permissions set,{0}: Không có quyền cơ bản nào được thiết lập,
{0}: Options {1} must be the same as doctype name {2} for the field {3},{0}: Tùy chọn {1} phải giống với tên doctype {2} cho trường {3},
{0}: Options must be a valid DocType for field {1} in row {2},{0}: Tùy chọn phải là Loại tài liệu hợp lệ cho trường {1} trong hàng {2},
{0}: Options required for Link or Table type field {1} in row {2},{0}: Tùy chọn cần thiết cho trường Loại liên kết hoặc Bảng {1} trong hàng {2},
{0}: Other permission rules may also apply,{0}: Các quy tắc cấp phép khác cũng có thể áp dụng,
{0}: Permission at level 0 must be set before higher levels are set,{0}: Quyền ở mức 0 phải được thiết lập trước khi thiết lập cấp độ cao hơn,
{0}:Fieldtype {1} for {2} cannot be indexed,{0}: Không thể lập chỉ mục Fieldtype {1} cho {2},
{app_title},{app_title},
{function} of {fieldlabel},{function} của {fieldlabel},
** Failed: {0} to {1}: {2},** Thất bại: {0} đến {1}: {2},
**Currency** Master,Quản trị ** Tiền tệ**,
&lt;head&gt; HTML,HTML,
← Back to upload files,← Quay lại để tải lên tập tin,
0 - Draft; 1 - Submitted; 2 - Cancelled,0 - Nháp; 1 - Đã duyệt; 2 - Đã hủy,
0 is highest,0 là cao nhất,
1 comment,1 bình luận,
1 Currency = [?] Fraction\nFor e.g. 1 USD = 100 Cent,1 đơn vị tiền tệ = [?] phân số với ví dụ \n 1 USD = 100 Cent,
1 Google Calendar Event synced.,1 Sự kiện Lịch Google được đồng bộ hóa.,
1 hour ago,1 giờ trước,
1 minute ago,1 phút trước,
1 month ago,1 tháng trước,
1 record will be exported,1 bản ghi sẽ được xuất,
1 Report,1 báo cáo,
1 week ago,1 tuần trước,
1 year ago,1 năm trước,
5 Records,5 hồ sơ,
A featured post must have a cover image,Một bài đăng nổi bật phải có ảnh bìa,
A field with the name '{}' already exists in doctype {}.,Trường có tên &#39;{}&#39; đã tồn tại trong loại tài liệu {}.,
A Lead with this Email Address should exist,Một Tiềm năng với Địa chỉ Email này nên tồn tại,
A list of resources which the Client App will have access to after the user allows it.<br> e.g. project,Một danh sách các nguồn App Khách hàng sẽ có quyền truy cập đến sau khi người dùng cho phép nó. <br> ví dụ như dự án,
A log of request errors,Một bản ghi báo lỗi,
A new account has been created for you at {0},Một tài khoản mới đã được tạo ra cho bạn tại {0},
A one line introduction to the course that appears on the course card,Một dòng giới thiệu về khóa học hiển thị trên thẻ khóa học,
A recurring {0} {1} has been created for you via Auto Repeat {2}.,Một {0} {1} định kỳ đã được tạo cho bạn thông qua Tự động lặp lại {2}.,
A symbol for this currency. For e.g. $,Biểu tượng đồng tiền này. Ví dụ như $,
A user who posts blogs.,Một người dùng đăng blog.,
A word by itself is easy to guess.,Một từ đơn giản dễ đoán,
A4,A4,
About {0} minute remaining,Khoảng {0} phút còn lại,
About {0} minutes remaining,Khoảng {0} phút còn lại,
About {0} seconds remaining,Khoảng {0} giây còn lại,
About the Course,Mục khóa học,
About Us Settings,Thiết lập mục 'Về chúng tôi',
About Us Team Member,Thành viên nhóm 'Về chúng tôi',
About,Giới thiệu,
Accept Payment,Chấp nhận thanh toán,
Access Key ID,ID khóa truy cập,
Access Key Secret,Truy cập bí mật khóa,
Access Log,Nhật ký truy cập,
Access not allowed from this IP Address,Truy cập không được phép từ Địa chỉ IP này,
Access Token URL,Truy cập URL Token,
Access Token,Mã truy cập,
Account,Tài khoản,
Accounts Manager,Quản lý tài khoản,
Accounts User,Người dùng kế toán,
Action / Route,Hành động / Lộ trình,
Action Failed,thao tác thất bại,
Action Timeout (Seconds),Thời gian chờ hành động (Giây),
Action Type,Loại hành động,
Action,thao tác,
Actions,Các thao tác,
Active Domains,Kích hoạt miền,
Active Sessions,Số phiên tích cực,
Active,có hiệu lực,
Activity Log by ,Hoạt động Đăng nhập bởi,
Activity log of all users.,Nhật ký hoạt động của tất cả người dùng,
Activity Log,Nhật ký hoạt động,
Activity,Hoạt động,
Add / Manage Email Accounts.,Thêm / Quản lý tài khoản Email.,
Add / Manage Email Domains.,Thêm / Quản lý Tên miền Email.,
Add / Update,Thêm / Cập nhật,
Add a {0} Chart,Thêm biểu đồ {0},
Add a column,Thêm một cột,
Add a comment,Thêm một lời nhận xét,
Add a keyword and press enter,Thêm một từ khóa và nhấn enter,
Add a New Role,Thêm một vai trò mới,
Add A New Rule,Thêm một quy tắc mới,
Add a new section,Thêm mục mới,
Add a tag ...,Thêm một đánh dấu ...,
Add all roles,Thêm tất cả các vai trò,
Add Another Comment,Thêm bình luận khác,
Add Attachment,Thêm bản đính kèm,
Add Chapter,Thêm chương,
Add Chart to Dashboard,Thêm biểu đồ vào bảng điều khiển,
Add Child,Thêm mẫu con,
Add Column,Thêm cột,
Add Contact,Add Contact,
Add Contacts,Thêm liên hệ,
Add Container,Thêm vùng chứa,
Add custom forms.,Thêm các hình thức tùy chỉnh.,
Add custom javascript to forms.,Thêm tùy chỉnh với các hình thức javascript.,
Add Custom Tags,Thêm thẻ tùy chỉnh,
Add fields to forms.,Thêm các lĩnh vực với các hình thức.,
Add Fields,Thêm trường,
Add Filter,Thêm bộ lọc,
Add Filters,Thêm bộ lọc,
Add Gray Background,Thêm nền xám,
Add Group,Thêm nhóm,
Add Lesson,Thêm bài học,
Add meta tags to your web pages,Thêm thẻ meta vào các trang web của bạn,
Add Multiple,Thêm Phức Hợp,
Add New Permission Rule,Add New phép tắc,
Add Participants,Thêm người tham gia,
Add Review,Thêm nhận xét,
Add Row,Thêm dòng,
Add script for Child Table,Thêm tập lệnh cho Bảng con,
Add Signature,Thêm Chữ ký,
Add Space on Bottom,Thêm không gian ở dưới cùng,
Add Space on Top,Thêm không gian trên đầu,
Add Subscribers,Thêm Subscribers,
Add to Dashboard,Thêm vào Bảng điều khiển,
Add to table,Thêm vào bảng,
Add to ToDo,Thêm vào Công việc,
Add Total Row,Tổng số Row thêm,
Add Unsubscribe Link,Thêm Hủy đăng ký liên kết,
Add User Permissions,Thêm quyền người dùng,
Add your own translations,Thêm bản dịch của riêng bạn,
Add,Thêm,
Added {0} ({1}),Thêm {0} ({1}),
Added {0},Đã thêm {0},
added {0},Thêm {0},
added,thêm,
Adding System Manager to this User as there must be atleast one System Manager,Thêm hệ thống quản lý để tài này phải có ít nhất một hệ thống quản lý,
Additional Permissions,Quyền thêm,
Address And Contacts,Địa chỉ và Liên hệ,
Address and other legal information you may want to put in the footer.,Địa chỉ và thông tin pháp lý khác mà bạn có thể muốn đặt ở chân.,
Address Line 1,Địa chỉ Line 1,
Address Line 2,Địa chỉ Dòng 2,
Address Template,Địa chỉ Template,
Address Title is mandatory.,Địa chỉ Tiêu đề là bắt buộc.,
Address Title,Địa chỉ Tiêu đề,
Address Type,Địa chỉ Loại,
Address,Địa chỉ,
Addresses And Contacts,Địa chỉ và danh bạ,
Addresses,Địa chỉ,
Adds a client custom script to a DocType,Thêm tập lệnh tùy chỉnh của máy khách vào DocType,
Adds a custom field to a DocType,Thêm một thông tin một DOCTYPE,
adjust,điều chỉnh,
Admin,quản trị viên,
Administration,Quản trị,
Administrator accessed {0} on {1} via IP Address {2}.,Quản trị viên truy cập {0} vào {1} qua IP Address {2}.,
Administrator Logged In,Quản trị Logged In,
Administrator,Quản trị viên,
Advanced Control,Kiểm soát nâng cao,
Advanced Search,Tìm kiếm nâng cao,
Advanced Settings,Cài đặt nâng cao,
Advanced,Nâng cao,
af-south-1,af-south-1,
After Cancel,Sau khi hủy,
After Delete,Sau khi xóa,
After Save (Submitted Document),Sau khi lưu (Tài liệu đã gửi),
After Save,Sau khi lưu,
After Submit,Sau khi gửi,
after_insert,after_insert,
Aggregate Function Based On,Hàm tổng hợp dựa trên,
Aggregate Function field is required to create a dashboard chart,Trường hàm tổng hợp được yêu cầu để tạo biểu đồ bảng điều khiển,
Alert,Cảnh báo,
Align Labels to the Right,Căn chỉnh Nhãn ở bên phải,
Align Right,Sắp xếp đúng,
Align Value,Căn Giá trị,
align-center,sắp xếp trung tâm,
align-justify,sắp xếp biện minh cho,
align-left,sắp xếp bên trái,
align-right,sắp xếp bên phải,
All Classes,Tất cả lớp học,
All Courses,Tất cả khóa học,
All customizations will be removed. Please confirm.,Tất cả các tùy chỉnh sẽ được gỡ bỏ. Vui lòng xác nhận.,
All Day,Tất cả các ngày,
All Images attached to Website Slideshow should be public,Tất cả hình ảnh đính kèm với Website Slideshow phải là công khai,
All Live Courses ({0}),Tất cả các khóa học trực tuyến ({0}),
All Live Courses,Tất cả các khóa học trực tuyến,
All Records,Tất cả hồ sơ,
All Time,Mọi lúc,
All-uppercase is almost as easy to guess as all-lowercase.,All-hoa là gần như là dễ đoán như tất cả-chữ thường.,
All,Tất cả,
Allocated To,Để phân bổ,
Allot Points To Assigned Users,Phân bổ điểm cho người dùng được chỉ định,
Allow API Indexing Access,Cho phép quyền truy cập lập chỉ mục API,
Allow approval for creator of the document,Cho phép phê duyệt đối với người tạo tài liệu,
Allow Auto Repeat,Cho phép tự động lặp lại,
Allow Bulk Edit,Cho phép Chỉnh sửa Hàng loạt,
Allow Comments,Cho phép Comments,
Allow Consecutive Login Attempts ,Cho phép thử liên tục đăng nhập,
Allow Delete,Cho phép Xóa,
Allow document creation via Email,Cho phép tạo tài liệu qua Email,
Allow Dropbox Access,Cho phép truy cập Dropbox,
Allow Edit,Cho phép Chỉnh sửa,
Allow events in timeline,Cho phép sự kiện trong dòng thời gian,
Allow Google Calendar Access,Cho phép truy cập lịch Google,
Allow Google Contacts Access,Cho phép truy cập danh bạ Google,
Allow Google Drive Access,Cho phép truy cập Google Drive,
Allow Google Indexing Access,Cho phép quyền truy cập lập chỉ mục của Google,
Allow Guest to View,Cho phép Khách đến Xem,
Allow Guest,Cho phép khách,
Allow Guests to Upload Files,Cho phép khách tải lên tập tin,
Allow Import (via Data Import Tool),Cho phép nhập khẩu (thông qua Công cụ Nhập dữ liệu),
Allow in Quick Entry,Cho phép trong mục nhập nhanh,
Allow Incomplete Forms,Cho phép hình thức không đầy đủ,
Allow Login After Fail,Cho phép đăng nhập sau khi thất bại,
Allow Login using Mobile Number,Cho phép đăng nhập sử dụng số di động,
Allow Login using User Name,Cho phép Đăng nhập bằng Tên Người dùng,
Allow Modules,Cho phép mô-đun,
Allow Multiple,Cho phép Nhiều,
Allow on Submit,Cho phép khi Đệ trình,
Allow only one session per user,Chỉ cho phép một phiên mỗi người dùng,
Allow page break inside tables,Cho phép trang phá vỡ bên trong bảng,
Allow Print for Cancelled,cho phép để hủy,
Allow Print for Draft,cho phép in nháp,
Allow Print,cho phép In,
Allow Read On All Link Options,Cho phép tùy chọn đọc trên tất cả liên kết,
Allow Rename,Cho phép đổi tên,
Allow Roles,cho phép Vai trò,
Allow saving if mandatory fields are not filled,Cho phép tiết kiệm nếu các lĩnh vực bắt buộc không được điền,
Allow Self Approval,Cho phép tự phê duyệt,
Allow user to login only after this hour (0-24),Cho phép người dùng đăng nhập chỉ sau giờ này (0-24),
Allow user to login only before this hour (0-24),Cho phép người dùng đăng nhập chỉ trước khi giờ này (0-24),
Allow,Cho phép,
Allowed In Mentions,Được phép trong Mentions,
Allowed,Cho phép,
Already in the following Users ToDo list:{0},Đã có trong danh sách Việc cần làm của Người dùng sau: {0},
Already Registered,Đã đăng ký,
Also adding the dependent currency field {0},Thêm trường ngoại tệ phụ thuộc {0},
Also adding the status dependency field {0},Đồng thời thêm trường phụ thuộc trạng thái {0},
Always use Account's Email Address as Sender,Luôn luôn sử dụng Địa chỉ Email Account như Sender,
Always use Account's Name as Sender's Name,Luôn sử dụng Tên tài khoản làm Tên người gửi,
Amend,Sửa đổi,
Amended From,Sửa đổi Từ,
Amending,Sửa đổi,
Amount Based On Field,Số tiền Dựa Trên Dòng,
Amount Field,Số tiền Dòng,
Amount must be greater than 0.,Số tiền phải lớn hơn 0.,
Amount,Giá trị,
An error occured during the payment process. Please contact us.,Đã xảy ra lỗi trong quá trình thanh toán. Xin vui lòng liên hệ với chúng tôi.,
An error occurred while setting Session Defaults,Đã xảy ra lỗi trong khi cài đặt Mặc định phiên,
An icon file with .ico extension. Should be 16 x 16 px. Generated using a favicon generator. [favicon-generator.org],Một biểu tượng tập tin với phần mở rộng .ico. Nên là 16 x 16 px. Được tạo ra bằng cách sử dụng favicon. [favicon-generator.org],
Analytics,phân tích,
Ancestors Of,Tổ tiên của,
and,và,
Andaman and Nicobar Islands,Quần đảo Andaman và Nicobar,
Andhra Pradesh,Andhra Pradesh,
Annual,Hàng năm,
Anonymous,Vô danh,
Another transaction is blocking this one. Please try again in a few seconds.,Giao dịch khác là chặn này. Vui lòng thử lại trong vài giây.,
Any string-based printer languages can be used. Writing raw commands requires knowledge of the printer's native language provided by the printer manufacturer. Please refer to the developer manual provided by the printer manufacturer on how to write their native commands. These commands are rendered on the server side using the Jinja Templating Language.,Bất kỳ ngôn ngữ máy in dựa trên chuỗi có thể được sử dụng. Viết lệnh thô đòi hỏi kiến thức về ngôn ngữ bản địa của máy in được cung cấp bởi nhà sản xuất máy in. Vui lòng tham khảo hướng dẫn dành cho nhà phát triển được cung cấp bởi nhà sản xuất máy in về cách viết lệnh gốc của họ. Các lệnh này được hiển thị ở phía máy chủ bằng Ngôn ngữ tạo khuôn Jinja.,
ap-east-1,ap-East-1,
ap-northeast-1,ap-đông bắc-1,
ap-northeast-2,ap-đông bắc-2,
ap-northeast-3,ap-đông bắc-3,
ap-south-1,ap-nam-1,
ap-southeast-1,ap-đông nam-1,
ap-southeast-2,ap-đông nam-2,
API Access,Quyền truy cập API,
Api Access,Truy cập Api,
API Endpoint Args,API đối tượng điểm cuối,
API Endpoint,Điểm cuối API,
API Key cannot be  regenerated,Không thể tạo lại Khóa API,
API Key of the user(Event Subscriber) on the producer site,Khóa API của người dùng (Người đăng ký sự kiện) trên trang web của nhà sản xuất,
API Key,API Key,
API Method,Phương pháp API,
API Password,API Mật khẩu,
API Secret of the user(Event Subscriber) on the producer site,Bí mật API của người dùng (Người đăng ký sự kiện) trên trang web của nhà sản xuất,
API Secret,API Bí mật,
API Username,API Tên đăng nhập,
API,API,
App {0} already installed,Phần mềm {0} đã được cài đặt,
App {0} is not installed,{0} ứng dụng không được cài đặt,
App Access Key,App Access Key,
App Client ID,App Client ID,
App Client Secret,App Khách hàng Bí mật,
App Name,Tên ứng dụng,
App not found,Ứng dụng không tìm thấy,
App Secret Key,App bí mật chính,
App,App,
Apps,Ứng Dụng Khác,
Appears on the course card in the course list,Xuất hiện trên thẻ khóa học trong danh sách khóa học,
Append Emails to Sent Folder,Nối các email vào thư mục đã gửi,
Append To can be one of {0},Nối Để có thể là một trong {0},
Append To is mandatory for incoming mails,Nối Để là bắt buộc đối với các thư đến,
Append To,Nối Để,
Applicable Document Types,Các loại tài liệu áp dụng,
Applicable For,Đối với áp dụng,
Application Logo,Logo ứng dụng,
Application Name,Tên ứng dụng,
Application Version,Phiên bản ứng dụng,
Applied On,Áp dụng trên,
Apply Assignment Rule,Áp dụng quy tắc chuyển nhượng,
Apply Document Permissions,Áp dụng quyền đối với tài liệu,
Apply for Certificate,Đăng ký nhận chứng chỉ,
Apply Only Once,Chỉ áp dụng một lần,
Apply Strict User Permissions,Áp dụng Quyền người dùng nghiêm ngặt,
Apply this rule if the User is the Owner,Áp dụng quy tắc này nếu người dùng là chủ sở hữu,
Apply this rule only once per document,Chỉ áp dụng quy tắc này một lần cho mỗi tài liệu,
Apply To All Document Types,Áp dụng cho tất cả các loại tài liệu,
Apply to all Documents Types,Áp dụng cho tất cả các loại tài liệu,
Apply,Ứng dụng,
Applying: {0},Áp dụng: {0},
Appreciate,Đánh giá,
Appreciation,Sự đánh giá,
Approval Required,Chấp nhận những thứ thật cần thiết,
Approval Status,Tình trạng chính,
Approve,Phê duyệt,
Approve/Reject,Phê duyệt / Từ chối,
Approved,Đã được phê duyệt,
Approved,Đã phê duyệt,
April,Tháng tư,
Archive,lưu trữ,
Archived Columns,Cột lưu trữ,
Archived,Lưu trữ,
Are you sure you want to delete all rows?,Bạn có chắc chắn muốn xóa tất cả các hàng?,
Are you sure you want to delete the attachment?,Bạn có chắc bạn muốn xóa các tập tin đính kèm?,
Are you sure you want to delete this post?,Bạn có chắc chắn muốn xóa bài viết này?,
Are you sure you want to generate a new report?,Bạn có chắc chắn muốn tạo một báo cáo mới không?,
Are you sure you want to merge {0} with {1}?,Bạn có chắc chắn muốn hợp nhất {0} với {1} không?,
Are you sure you want to relink this communication to {0}?,Bạn có chắc chắn bạn muốn liên kết lại thông tin liên lạc này để {0}?,
Are you sure you want to reset all customizations?,Bạn có chắc chắn muốn đặt lại tất cả các tùy chỉnh không?,
Are you sure you want to save this document?,Bạn có chắc chắn muốn lưu tài liệu này không?,
Are you sure?,Bạn có chắc không?,
Arial,Arial,
arrow-down,mũi tên xuống,
arrow-left,mũi tên bên trái,
arrow-right,mũi tên bên phải,
arrow-up,mũi tên lên,
Arunachal Pradesh,Arunachal Pradesh,
ASC,ASC,
Ask a Question,Đặt câu hỏi,
Assam,Assam,
Assign Condition,Chỉ định điều kiện,
Assign to me,Gán cho tôi,
Assign to the one who has the least assignments,Chỉ định cho người có ít bài tập nhất,
Assign to the user set in this field,Gán cho tập người dùng trong trường này,
Assign To Users,Chỉ định cho người dùng,
Assign To,Để gán,
Assign,Chỉ định,
Assigned By Full Name,Giao By Tên đầy đủ,
Assigned By Me,Giao By Me,
Assigned By,Giao By,
Assigned To,Để giao,
Assigned To/Owner,Để giao / chủ sở hữu,
Assigned,giao,
Assignment closed by {0},Chuyển nhượng đóng cửa bởi {0},
Assignment Complete,Assignment Complete,
Assignment Completed,phân Hoàn thành,
Assignment Day {0} has been repeated.,Ngày chuyển nhượng {0} đã được lặp lại.,
Assignment Days,Ngày chuyển nhượng,
Assignment for {0} {1},Bài tập cho {0} {1},
Assignment Rule Day,Ngày quy tắc chuyển nhượng,
Assignment Rule User,Quy tắc chuyển nhượng người dùng,
Assignment Rule,Quy tắc chuyển nhượng,
Assignment Rules,Quy tắc chuyển nhượng,
Assignment Update on {0},Cập nhật bài tập trên {0},
Assignment,Chuyển nhượng,
Assignments,Bài tập,
asterisk,dấu,
Atleast one field of Parent Document Type is mandatory,Atleast một trường thuộc loại tài liệu cha mẹ là bắt buộc,
Attach a web link,Đính kèm một liên kết web,
Attach Document Print,Đính kèm tài liệu In,
Attach file for Import,Đính kèm tệp nhập,
Attach file,Đính kèm tệp,
Attach File,Tập tin đính kèm,
Attach files / urls and add in table.,Đính kèm tệp / url và thêm vào bảng.,
Attach Image,Hình ảnh đính kèm,
Attach Print,Đính kèm In,
Attach Your Picture,Hình ảnh đính kèm của bạn,
Attach,Đính kèm,
Attached File,Tập tin đính kèm,
Attached To DocType,Để gắn DocType,
Attached To Field,Đã gắn vào trường,
Attached To Name,Để gắn Tên,
Attachment Limit (MB),Giới hạn Attachment (MB),
Attachment Link,Liên kết tệp đính kèm,
Attachment Removed,Đã gỡ bỏ đính kèm,
Attachment,Đính kèm,
Attachments,File đính kèm,
Attempting Connection to QZ Tray...,Đang cố gắng kết nối với khay QZ ...,
Attempting to launch QZ Tray...,Đang cố gắng khởi chạy Khay QZ ...,
Auth Token,Mã xác thực,
Auth URL Data,Dữ liệu URL Auth,
Authenticating...,Xác thực ...,
Authentication Apps you can use are: ,Ứng dụng xác thực bạn có thể sử dụng là:,
Authentication Credentials,Xác thực giấy chứng nhận,
Authentication failed while receiving emails from Email Account: {0}.,Xác thực không thành công khi nhận email từ Tài khoản Email: {0}.,
Authentication,Xác thực,
Author,tác giả,
Authorization Code,Mã ủy quyền,
Authorize API Indexing  Access,Cho phép quyền truy cập lập chỉ mục API,
Authorize Google Calendar Access,Cho phép truy cập lịch Google,
Authorize Google Contacts Access,Cho phép truy cập danh bạ Google,
Authorize Google Drive Access,Cho phép truy cập Google Drive,
Authorize URL,Ủy quyền URL,
Authorized,Ủy quyền,
Auto assignment failed: {0},Tự động gán không thành công: {0},
Auto Email Report,Báo cáo Email tự động,
Auto Name,Tên tự động,
Auto Repeat created for this document,Tự động lặp lại được tạo cho tài liệu này,
Auto Repeat Document Creation Failed,Tạo lại tài liệu tự động không thành công,
Auto Repeat Document Creation Failure,Tự động lặp lại thất bại trong việc tạo tài liệu,
Auto Repeat failed for {0},Tự động lặp lại thất bại trong {0},
Auto Repeat,Tự động lặp lại,
Auto Reply Message,Auto Reply tin nhắn,
Auto,Tự động,
Automatic Linking can be activated only for one Email Account.,Liên kết tự động chỉ có thể được kích hoạt cho một Tài khoản Email.,
Automatic Linking can be activated only if Incoming is enabled.,Liên kết tự động chỉ có thể được kích hoạt nếu Bật đến.,
Automatically Assign Documents to Users,Tự động gán tài liệu cho người dùng,
Automatically generates recurring documents.,Tự động tạo tài liệu định kỳ.,
Automation,Tự động hóa,
Avatar,Avatar,
Average of {0},Trung bình {0},
Average,Trung bình cộng,
Avoid dates and years that are associated with you.,Tránh ngày và năm đó được liên kết với bạn.,
Avoid recent years.,Tránh những năm gần đây.,
Avoid sequences like abc or 6543 as they are easy to guess,Tránh trình tự như abc hay 6543 khi họ rất dễ đoán,
Avoid years that are associated with you.,Tránh năm có liên quan đến bạn.,
Awaiting Password,Đang chờ mật khẩu,
Away,Xa,
Back to Desk,Quay lại Desk,
Back to Home,Trở về nhà,
Back to Login,Quay lại đăng nhập,
Background Color,Màu nền,
Background Email Queue,Nền hàng chờ  email,
Background Jobs,Công việc nền,
Background Workers,Người làm công nền,
Backing up to Google Drive.,Sao lưu lên Google Drive.,
Backup Details,Chi tiết dự phòng,
Backup Files,Tập tin sao lưu,
Backup Folder ID,ID thư mục sao lưu,
Backup Folder Name,Tên thư mục sao lưu,
Backup Frequency,Tần số sao lưu,
Backup job is already queued. You will receive an email with the download link,Công việc sao lưu đã được xếp hàng đợi. Bạn sẽ nhận được một email với liên kết tải xuống,
Backup Limit,Giới hạn sao lưu,
Backup public and private files along with the database.,Sao lưu các tệp công khai và riêng tư cùng với cơ sở dữ liệu.,
Backup,Sao lưu,
Backups,Sao lưu,
backward,Ngược,
Batches,Khóa học con,
ban-circle,ban-circle,
Banner HTML,Biểu ngữ HTML,
Banner Image,Banner Image,
Banner is above the Top Menu Bar.,BIểu ngữ nằm trên cùng thanh menu,
Banner,Biểu ngữ,
Bar,Quán ba,
Barcode,Mã vạch,
Base Distinguished Name (DN),Cơ sở tên phân biệt (DN),
Base URL,URL cơ sở,
Based on Field,Dựa trên lĩnh vực,
Based on Permissions For User,Dựa trên sự chấp thuận đối với người sử dụng,
Based On,Dựa trên,
Basic,Cơ bản,
BCC,BCC,
Before Cancel,Trước khi hủy,
Before Delete,Trước khi xóa,
Before Insert,Trước khi chèn,
Before Save (Submitted Document),Trước khi lưu (Tài liệu đã gửi),
Before Save,Trước khi lưu,
Before Submit,Trước khi gửi,
Beginner,Người bắt đầu,
Beginning with,Bắt đầu bằng,
bell,chuông,
Beta,thử nghiệm,
Better add a few more letters or another word,Nên thêm một vài chữ cái hoặc một từ,
Between,Giữa,
Bihar,Bihar,
Billing,thanh toán,
Bio,Sinh học,
Birth Date,Ngày sinh,
Blank Template,Mẫu trống,
Block Module,Khối mô đun,
Block Modules,Khối mô đun,
Blocked,Đã ngăn lại,
Blog Category,Mục Blog,
Blog Intro,Giới thiệu Blog,
Blog Introduction,Blog Giới thiệu,
Blog Post,Bài Blog,
Blog Settings,Thiết lập Blog,
Blog Title,Nhan đề blog,
Blog,Blog,
Blogger,Blogger,
blue,màu xanh da trời,
bold,Đậm,
Bold,Dũng cảm,
book,sách,
bookmark,thẻ đánh dấu,
Bot,Máy,
Both DocType and Name required,Đều phải có cả Dạng văn bản và Tên,
Both login and password required,Phải có cả tên đăng nhập và mật khẩu,
Bottom,Dưới cùng,
Bounced,đã thải hồi,
Braintree payment gateway settings,Cài đặt cổng thanh toán Braintree,
Braintree Settings,Cài đặt Braintree,
Brand HTML,Nhãn HTML,
Brand Image,Hình ảnh của nhãn hàng,
Brand,Nhãn,
Breadcrumbs,Đường dẫn,
briefcase,cặp tài liệu,
Browse,duyệt,
Browser not supported,Trình duyệt không được hỗ trợ,
Browser Version,Phiên bản trình duyệt,
Browser,Trình duyệt,
Brute Force Security,Brute Force Security,
Bucket Name,Tên nhóm,
Build Report,Báo cáo xây dựng,
Build, Xây dựng,
Bulk Delete,Xóa hàng loạt,
Bulk Edit {0},Chỉnh sửa   hàng loạt {0},
Bulk Rename,THay tên hàng loạt,
Bulk Update,Cật nhật hàng loạt,
bullhorn,loa pin,
Button Gradients,Nút Gradients,
Button Help,nút Trợ giúp,
Button Label,Nút Nhãn,
Button Rounded Corners,Nút tròn góc,
Button Shadows,Bóng nút,
Button,Nút,
by Role,theo vai trò,
Bypass Restricted IP Address Check If Two Factor Auth Enabled,Bỏ qua địa chỉ IP bị hạn chế Kiểm tra nếu xác thực hai yếu tố được bật,
Bypass restricted IP Address check If Two Factor Auth Enabled,Bỏ qua kiểm tra địa chỉ IP bị hạn chế Nếu đã bật tính năng xác thực hai yếu tố,
Bypass Two Factor Auth for users who login from restricted IP Address,Bỏ qua hai yếu tố Auth cho người dùng đăng nhập từ Địa chỉ IP bị hạn chế,
ca-central-1,ca-trung-1,
Cache Cleared,Xóa bộ nhớ cache,
Calculate,Tính toán,
Calendar Name,Tên lịch,
Calendar View,Chế độ xem lịch,
Calendar,Lịch,
Call To Action URL,URL Kêu gọi Hành động,
Call To Action,Kêu gọi hành động,
Call,Cuộc gọi,
Callback Message,Tin nhắn gọi lại,
Callback Title,Tiêu đề gọi lại,
Callback URL,gọi lại URL,
camera,máy ảnh,
Can Read,có thể đọc,
Can Share,Có thể Chia sẻ,
Can Write,Có thể Viết,
Can't identify open {0}. Try something else.,Không thể định danh mở {0}. Hãy thử cách khác,
Can't save the form as data import is in progress.,Không thể lưu biểu mẫu khi đang nhập dữ liệu.,
Cancel {0} documents?,Hủy {0} tài liệu?,
Cancel All Documents,Hủy tất cả tài liệu,
Cancel,Hủy bỏ,
Cancel,Hủy,
Cancelled Document restored as Draft,Đã hủy Phục hồi Tài liệu dưới dạng Bản nháp,
cancelled this document {0},đã hủy tài liệu này {0},
cancelled this document,hủy tài liệu này,
Cancelled,HỦY BỎ,
CANCELLED,Hủy,
Cancelling {0},Hủy {0},
Cancelling documents,Hủy tài liệu,
Cancelling,Hủy,
Cannot {0} {1},Không thể {0} {1},
Cannot cancel before submitting. See Transition {0},Không thể hủy bỏ trước khi trình. Xem chuyển {0},
Cannot change docstatus from 0 to 2,Không thể thay đổi docstatus 0-2,
Cannot change docstatus from 1 to 0,Không thể thay đổi docstatus 1-0,
Cannot change header content,Không thể thay đổi nội dung tiêu đề,
Cannot change state of Cancelled Document. Transition row {0},Không thể thay đổi trạng thái của tài liệu bị hủy. Hàng chuyển {0},
Cannot change user details in demo. Please signup for a new account at https://erpnext.com,Không thể thay đổi các chi tiết người dùng trong bản giới thiệu. Vui lòng đăng ký tài khoản mới tại https://erpnext.com,
Cannot create a {0} against a child document: {1},Không thể tạo một {0} đối với một tài liệu trẻ em: {1},
Cannot delete {0} as it has child nodes,Không thể xóa {0} vì nó có các nút con,
Cannot delete {0},Không thể xóa {0},
Cannot delete file as it belongs to {0} {1} for which you do not have permissions,Không thể xóa tệp vì nó thuộc về {0} {1} mà bạn không có quyền truy cập,
Cannot delete Home and Attachments folders,Không thể xóa thư mục Home và đính kèm,
Cannot delete or cancel because {0} {1} is linked with {2} {3} {4},Không thể xóa hoặc hủy vì {0} {1} được liên kết với {2} {3} {4},
Cannot delete standard action. You can hide it if you want,Không thể xóa hành động chuẩn. Bạn có thể ẩn nó nếu bạn muốn,
Cannot delete standard field. You can hide it if you want,Không thể xóa lĩnh vực tiêu chuẩn. Bạn có thể ẩn nó nếu bạn muốn,
Cannot delete standard link. You can hide it if you want,Không thể xóa liên kết chuẩn. Bạn có thể ẩn nó nếu bạn muốn,
Cannot edit a standard report. Please duplicate and create a new report,Không thể chỉnh sửa báo cáo chuẩn. Hãy lặp lại và tạo một báo cáo mới,
Cannot edit cancelled document,Không thể chỉnh sửa tài liệu hủy,
Cannot edit filters for standard charts,Không thể chỉnh sửa bộ lọc cho biểu đồ chuẩn,
Cannot edit standard fields,Không thể chỉnh sửa các lĩnh vực tiêu chuẩn,
Cannot have multiple printers mapped to a single print format.,Không thể có nhiều máy in được ánh xạ tới một định dạng in.,
Cannot link cancelled document: {0},Không thể liên kết tài liệu hủy: {0},
Cannot map because following condition fails: ,Không thể ánh xạ vì điều kiện sau không thành công:,
Cannot match column {0} with any field,Không thể khớp cột {0} với bất kỳ trường nào,
Cannot move row,Không thể di chuyển hàng,
Cannot open {0} when its instance is open,Không thể mở {0} khi cá thể của nó là mở,
Cannot open instance when its {0} is open,Không thể mở ví dụ khi nó {0} là mở,
Cannot remove ID field,Không thể xóa trường ID,
Cannot Remove,Không thể bỏ,
Cannot set Notification on Document Type {0},Không thể đặt Thông báo trên Loại tài liệu {0},
Cannot update {0},Không thể cập nhật {0},
Cannot use sub-query in order by,Không thể sử dụng phụ truy vấn theo thứ tự bằng,
Capitalization doesn't help very much.,Hoa không giúp ích gì nhiều.,
Card Details,Chi tiết thẻ,
Card Label,Nhãn thẻ,
Card,Thẻ,
Cards,thẻ,
Categories,Thể loại,
Categorize blog posts.,Phân loại các bài viết blog.,
Category Description,Category Description,
Category Name,Category Name,
Category,Thể loại,
CC,CC,
Cent,Phần trăm,
Center,Trung tâm,
certificate,Giấy chứng nhận,
Chain Integrity,Tính toàn vẹn chuỗi,
Chaining Hash,Dây xích,
Chandigarh,Chandigarh,
Change Label (via Custom Translation),Thay đổi Label (qua chỉnh dịch),
Change Password,Đổi mật khẩu,
Change User,Thay đổi người sử dụng,
Change,Thay đổi,
Change,Thay đổi,Coins
changed value of {0} {1},giá trị thay đổi của {0} {1},
changed value of {0},giá trị thay đổi của {0},
changed values for {0} {1},thay đổi giá trị cho {0} {1},
changed values for {0},giá trị thay đổi cho {0},
Channel,Kênh,
Chapter,Chương,
Chart Configuration,Cấu hình biểu đồ,
Chart Name,Tên biểu đồ,
Chart Options,Tùy chọn biểu đồ,
Chart Source,Nguồn biểu đồ,
Chart Type,Loại biểu đồ,
Chart,Đồ thị,
Charts,Biểu đồ,
Chat Background,Nền tảng trò chuyện,
Chat Message,Tin nhắn trò chuyện,
Chat messages and other notifications.,Các tin nhắn và các thông báo khác.,
Chat Operators,Nhà điều hành trò chuyện,
Chat Profile for User {0} exists.,Đã tồn tại Hồ sơ trò chuyện cho người dùng {0}.,
Chat Profile,Hồ sơ trò chuyện,
Chat Room Name,Tên phòng trò chuyện,
Chat Room User,Người dùng Chat Room,
Chat Room,Phòng chat,
Chat Token,Chat Token,
Chat Type,Loại Trò chuyện,
Chat,Trò chuyện,
Check Request URL,URL yêu cầu kiểm tra,
Check the Error Log for more information: {0},Kiểm tra Nhật ký lỗi để biết thêm thông tin: {0},
Check this if you are testing your payment using the Sandbox API,Kiểm tra này nếu bạn đang thử nghiệm thanh toán của bạn bằng cách sử dụng API Sandbox,
Check this if you don't want users to sign up for an account on your site. Users won't get desk access unless you explicitly provide it.,Kiểm tra điều này nếu bạn không muốn người dùng đăng ký tài khoản trên trang web của bạn. Người dùng sẽ không có quyền truy cập bàn trừ khi bạn cung cấp rõ ràng.,
Check this if you want to force the user to select a series before saving. There will be no default if you check this.,Kiểm tra này nếu bạn muốn ép buộc người dùng lựa chọn một loạt trước khi lưu. Sẽ không có mặc định nếu bạn kiểm tra này.,
Check this to pull emails from your mailbox,Kiểm tra này kéo email từ hộp thư của bạn,
Check which Documents are readable by a User,Kiểm tra các tài liệu có thể được đọc bởi một người dùng,
Check,Kiểm tra,
Checking one moment,Kiểm tra một khoảnh khắc,
Checking this will hide custom doctypes and reports cards in Links section,Việc kiểm tra này sẽ ẩn các thẻ báo cáo và tài liệu tùy chỉnh trong phần Liên kết,
Checking this will publish the page on your website and it'll be visible to everyone.,Kiểm tra điều này sẽ xuất bản trang trên trang web của bạn và nó sẽ hiển thị cho mọi người.,
Checking this will show a text area where you can write custom javascript that will run on this page.,Kiểm tra điều này sẽ hiển thị một vùng văn bản nơi bạn có thể viết javascript tùy chỉnh sẽ chạy trên trang này.,
Checkout Course,Xem khóa học,
Checksum Version,Phiên bản Checksum,
chevron-down,Chevron xuống,
chevron-left,Chevron bên trái,
chevron-right,Chevron phải,
chevron-up,Chevron-up,
Chhattisgarh,Chhattisgarh,
Child Table Mapping,Bản đồ bảng con,
Child Table,Bảng con,
Child Tables are shown as a Grid in other DocTypes,Bảng con được hiển thị dưới dạng lưới trong các DocTypes khác,
Choose a color for the course card, Chọn một màu cho thẻ khóa học,
Choose a strong password that you don't use elsewhere.,Chọn một mật khẩu mạnh mà bạn không
choose an,Chọn một,
Choose authentication method to be used by all users,Chọn phương thức xác thực để sử dụng bởi tất cả người dùng,
Choose Existing Card or create New Card,Chọn thẻ hiện có hoặc tạo thẻ mới,
circle-arrow-down,vòng tròn mũi tên xuống,
circle-arrow-left,vòng tròn mũi tên bên trái,
circle-arrow-right,vòng tròn mũi tên bên phải,
circle-arrow-up,vòng tròn mũi tên lên,
City,Thành phố,
City/Town,Thành phố / thị xã,
Classes,Lớp học,
Clear Activity Log After,Xóa nhật ký hoạt động sau,
Clear all roles,Xóa tất cả các vai trò,
Clear Cache and Reload,Xóa bộ nhớ cache và tải lại,
Clear Email Queue After,Xóa hàng đợi email sau,
Clear Error log After,Xóa nhật ký lỗi Sau khi,
Clear Error Logs,Xoá danh sách lỗi,
Clear Filters,Xóa bộ lọc,
Clear User Permissions,Xóa quyền người dùng,
Clear,Thông thoáng,
clear,trong sáng,
Click here to post bugs and suggestions,Nhấp vào đây để đăng lỗi và đề xuất,
Click here to verify,Nhấn vào đây để xác minh,
Click on {0} to generate Refresh Token.,Nhấp vào {0} để tạo Mã thông báo làm mới.,
Click on <b>Authorize Google Drive Access</b> to authorize Google Drive Access.,Nhấp vào <b>Ủy quyền truy cập Google Drive</b> để ủy quyền truy cập Google Drive.,
Click on a file to select it.,Nhấn vào một tập tin để chọn nó.,
Click On Customize to add your first widget,Nhấp vào Tùy chỉnh để thêm tiện ích con đầu tiên của bạn,
Click on the link below to approve the request,Nhấp vào liên kết dưới đây để phê duyệt yêu cầu,
Click on the link below to complete your registration and set a new password,Click vào liên kết dưới đây để hoàn tất đăng ký của bạn và thiết lập một mật khẩu mới,
Click on the link below to download your data,Nhấp vào liên kết dưới đây để tải xuống dữ liệu của bạn,
Click on the link below to verify your request,Nhấp vào liên kết dưới đây để xác minh yêu cầu của bạn,
Click on the lock icon to toggle public/private,Nhấp vào biểu tượng khóa để chuyển đổi công khai / riêng tư,
Click on the row for accessing filters.,Nhấp vào hàng để truy cập bộ lọc.,
Click table to edit,Click vào bảng để chỉnh sửa,
Click to Set Dynamic Filters,Nhấp để đặt Bộ lọc động,
Click to Set Filters,Nhấn vào đây để đặt bộ lọc,
Clicked,Clicked,
Client Code,Mã khách hàng,
Client Credentials,Giây chứng nhận khách hàng,
Client ID,Tài khoản khách hàng,
Client Information,Thông tin khách hàng,
Client Script,Kịch bản khách hàng,
Client Secret,BÍ mật khách hàng,
Client side script extensions in Javascript,Phần mở rộng phía khách hàng script trong Javascript,
Client URLs,URL máy khách,
Client,Khách hàng,
Close Condition,Đóng điều kiện,
Close,Đóng,
Closed,Đã đóng,
cn-north-1,cn-bắc-1,
cn-northwest-1,cn-tây bắc-1,
Code,Code,
cog,răng cưa,
Collapse All,Thu gọn tất cả,
Collapse,Sự sụp đổ,
Collapsible Depends On,Phụ thuộc ráp On,
Collapsible,Ráp,
Color,Màu,
Column <b>{0}</b> already exist.,Cột <b>{0}</b> đã tồn tại.,
Column Break,Cột lao,
Column Labels:,Nhãn cột:,
Column Name cannot be empty,Tên cột không thể để trống,
Column Name,Tên cột,
Column,Trụ,
Columns / Fields,Cột / Lĩnh vực,
Columns based on,Cột dựa trên,
Columns,Cột,
Combination of Grant Type (<code>{0}</code>) and Response Type (<code>{1}</code>) not allowed,Kết hợp Loại khoản tài trợ ( <code>{0}</code> ) và Loại phản hồi ( <code>{1}</code> ) không được phép,
Comma separated keywords for SEO,Từ khóa cách sử dụng comcoma cho SEO,
Comment By,Bình luận bởi,
Comment can only be edited by the owner,Chỉ chủ sở hữu mới có thể chỉnh sửa nhận xét,
Comment Email,Bình luận Email,
Comment Type,Comment Loại,
Comment,Bình luận,
Commented on {0}: {1},Nhận xét về {0}: {1},
Comments and Communications will be associated with this linked document,Nhận xét và Truyền thông sẽ được liên kết với các tài liệu liên kết này,
Comments cannot have links or email addresses,Nhận xét không thể có liên kết hoặc địa chỉ email,
Comments on this blog post will be disabled if checked.,Nhận xét về bài đăng trên blog này sẽ bị vô hiệu hóa nếu được chọn.,
comments,bình luận,
Comments,Thẻ chú thích,
Commit,Cam kết,
Common names and surnames are easy to guess.,Tên thường gặp và tên rất dễ đoán.,
Communicated via {0} on {1}: {2},Thông qua {0} trên {1}: {2},
Communication Link,Liên kết truyền thông,
Communication Type,Loại thông tin liên lạc,
Communication,Liên lạc,
Community Contribution,Đóng góp của cộng đồng,
Compact Item Print,Nhỏ gọn mục Print,
Company History,Lịch sử công ty,
Company Introduction,Giới thiệu công ty,
Company Name,Tên công ty,
Company,Giỏ hàng Giá liệt kê,
Compiled Successfully,Biên dịch thành công,
Complete By,Hoàn chỉnh bởi,
Complete Registration,Hoàn tất đăng ký,
Complete Setup,Hoàn thành cài đặt,
Complete your {0} to access the courses.,Hoàn thành {0} của bạn để truy cập các khóa học.,
Complete,Hoàn chỉnh,
Completed,Hoàn thành,
Completion Certificate,Giấy chứng nhận đã được hoàn thành,
Component,Hợp phần,
Compose Email,Soạn email,
Condition Detail,Chi tiết Tình trạng,
Condition,Điều kiện,
Conditions,Điều kiện,
Configure Chart,Định cấu hình biểu đồ,
Configure Charts,Định cấu hình biểu đồ,
Confirm Deletion of Data,Xác nhận xóa dữ liệu,
Confirm New Password,Xác nhận mật khẩu mới,
Confirm Request,Xác nhận yêu cầu,
Confirm Translations,Xác nhận bản dịch,
Confirm Your Email,Xác nhận Email của bạn,
Confirm,Xác nhận,
Confirmation Email Template,Mẫu email xác nhận,
Confirmed,Xác nhận,
Connected to QZ Tray!,Đã kết nối với Khay QZ!,
Connection lost. Some features might not work.,Kết nối bị mất. Một số tính năng có thể không hoạt động.,
Connection Name,Tên kết nối,
Connection Success,Kết nối thành công,
Connector Name,Tên Trình kết nối,
Connector Type,Loại trình kết nối,
Console Log,Nhật ký bảng điều khiển,
Console,Bảng điều khiển,
Contact Details,Chi tiết Liên hệ,
Contact Email,Email Liên hệ,
Contact Numbers,Số liên lạc,
Contact Phone,Điện thoại liên hệ,
Contact Synced with Google Contacts.,Liên hệ được đồng bộ hóa với Danh bạ Google.,
Contact Us Settings,Thiết lập Liên hệ,
Contact,Liên hệ,
Contacts,Danh bạ,
Content (HTML),Nội dung (HTML),
Content (Markdown),Nội dung (Đánh dấu),
Content Hash,Nội dung Hash,
Content type for building the page,Loại nội dung để xây dựng trang,
Content Type,Loại nội dung,
Content web page.,Trang web nội dung.,
Content,Lọc nội dung,
Context Script,Tập lệnh ngữ cảnh,
Context,Bối cảnh,
Continue Learning,Tiếp tục học,
Continue,Tiếp tục,
Contribute Translations,Đóng góp bản dịch,
Contributed Translations,Bản dịch được đóng góp,
Contributed,Đóng góp,
Contribution Document Name,Tên tài liệu đóng góp,
Contribution Status,Trạng thái đóng góp,
Controller method get_razorpay_order missing,Phương thức điều khiển get_razorpay_order bị thiếu,
Conversation Tones,Âm đàm thoại,
Copied to clipboard.,Sao chép vào clipboard.,
Copyright,Bản quyền,
Core DocTypes cannot be customized.,Core DocTypes không thể được tùy chỉnh.,
Core Modules {0} cannot be searched in Global Search.,Mô-đun lõi {0} không thể được tìm kiếm trong Tìm kiếm toàn cầu.,
Core,Nh,
Could not connect to outgoing email server,Không thể kết nối đến máy chủ email gửi đi,
Could not create razorpay order,Không thể tạo đơn hàng razorpay,
Could not create Razorpay order. Please contact Administrator,Không thể tạo đơn hàng Razorpay. Vui lòng liên hệ với Quản trị viên,
Could not find {0} in {1},Không tìm thấy {0} trong {1},
Could not find {0},Không thể tìm thấy {0},
Could not identify {0},Không thể xác định {0},
Could not map column {0} to field {1},Không thể ánh xạ cột {0} với trường {1},
Could not save customization,Không thể lưu tùy chỉnh,
Couldn't Load Desk,Không thể tải bàn,
Count Customizations,Đếm tùy chỉnh,
Count Filter,Bộ lọc đếm,
Count,Đếm,
Counter,Quầy tính tiền,
Country Name,Tên nước,
Country,Tại,
County,quận,
Course Creators,Người tạo khóa học,
Course Description,Chi tiết khóa học,
Course Image,Hình ảnh khóa học,
Course List,Danh sách khóa học,
Course,Khóa học,
Courses Created,Khóa học đã tạo,
Courses Mentored,Khóa học hướng dẫn,
Courses,Các khóa học,
Cover Image,Ảnh bìa,
Create a new {0},Tạo một {0} mới,
Create a New Format,Tạo một định dạng mới,
Create a new record,Tạo một bản ghi mới,
Create and manage newsletter,Tạo và quản lý bản tin,
Create and Send Newsletters,Tạo và Gửi Tin,
Create Card,Tạo thẻ,
Create Chart,Tạo biểu đồ,
Create Contacts from Incoming Emails,Tạo địa chỉ liên hệ từ email đến,
Create Course,Tạo khóa học,
Create Entry,Tạo mục nhập,
Create Log,Tạo nhật ký,
Create New,Tạo mới,
Create Post,Tạo bài đăng,
Create User Email,Tạo Email của Người dùng,
Create your first {0},Tạo {0} đầu tiên của bạn,
Create,Tạo,
Created {0} records successfully.,Tạo hồ sơ {0} thành công.,
created {0},đã tạo {0},
Created By,Tạo ra bởi,
Created Custom Field {0} in {1},Tạo Trường Tuỳ chỉnh {0} trong {1},
Created On,Ngày tạo,
Created,Tạo,
Creating {0},Tạo {0},
Creator,Người tạo,
Criticism,Sự chỉ trích,
Criticize,Chỉ trích,
Cron Format,Định dạng cron,
Cron,Cron,
Crop,Mùa vụ,
CSS Class,Lớp CSS,
CSS,CSS,
CSV,CSV,
CTA Label,Nhãn CTA,
CTA URL,URL CTA,
CTA,CTA,
Ctrl + Down,Ctrl + Down,
Ctrl + Up,Ctrl + Up,
Ctrl+Enter to add comment,Ctrl + Enter để thêm bình luận,
Currency Name,Tên tiền tệ,
Currency Precision,Tiền tệ chính xác,
Currency,Tiền tệ,
Current Mapping Action,Hành động lập bản đồ hiện tại,
Current Mapping Delete Start,Bản đồ hiện tại Xóa Bắt đầu,
Current Mapping Start,Bắt đầu lập bản đồ hiện tại,
Current Mapping Type,Loại bản đồ hiện tại,
Current Mapping,Lập bản đồ hiện tại,
Current status,Tình trạng hiện tại,
Current,Hiện hành,
Currently Replying,Hiện đang trả lời,
Currently updating {0},Hiện đang cập nhật {0},
Currently Viewing,Hiện nay Xem,
Currently you have {0} review points,Hiện tại bạn có {0} điểm đánh giá,
Custom Base URL,URL cơ sở tùy chỉnh,
Custom Configuration,Cấu hình tùy chỉnh,
Custom CSS,CSS Tuỳ chỉnh,
Custom DocPerm,tuỳ chỉnh DocPerm,
Custom Documents,Tài liệu tùy chỉnh,
Custom Field {0} is created by the Administrator and can only be deleted through the Administrator account.,Trường Tùy chỉnh {0} do Quản trị viên tạo và chỉ có thể bị xóa thông qua tài khoản Quản trị viên.,
Custom Field,Trường Tuỳ chỉnh,
Custom Fields can only be added to a standard DocType.,Trường tùy chỉnh chỉ có thể được thêm vào một loại tài liệu tiêu chuẩn.,
Custom Fields cannot be added to core DocTypes.,Trường tùy chỉnh không thể được thêm vào DocTypes cốt lõi.,
Custom Format,Tuỳ chỉnh Format,
Custom HTML Help,Tuỳ chỉnh HTML Help,
Custom HTML,Tuỳ chỉnh HTML,
Custom JS,JS tùy chỉnh,
Custom Menu Items,Custom Menu Items,
Custom Options,Tùy chọn tùy chỉnh,
Custom Overrides,Ghi đè tùy chỉnh,
Custom Report,Báo cáo tùy chỉnh,
Custom Reports,Báo cáo tùy chỉnh,
Custom Role,Vai trò tùy chỉnh,
Custom Script,Tùy chỉnh Script,
Custom SCSS,SCSS tùy chỉnh,
Custom Sidebar Menu,Tuỳ chỉnh bên Menu,
Custom Translations,tuỳ chỉnh Dịch,
Custom,Tuỳ chỉnh,
Custom?,Tùy chỉnh?,
Customization,Tùy biến,
Customizations for <b>{0}</b> exported to:<br>{1},Tùy chỉnh cho <b>{0}</b> xuất ra: <br> {1},
Customizations Reset,Tuỳ chỉnh Thiết lập lại,
Customizations Saved Successfully,Các tùy chỉnh được Lưu thành công,
Customize Form Field,Tùy chỉnh Field,
Customize Form,Tùy chỉnh mẫu,
Customize Workspace,Tùy chỉnh không gian làm việc,
Customize,Tùy chỉnh,
Customize...,Tùy chỉnh ...,
Customized HTML Templates for printing transactions.,Customized Templates HTML cho các giao dịch in ấn.,
Cut,Cắt tỉa,
d,d,Days (Field: Duration)
Dadra and Nagar Haveli,Dadra và Nagar Haveli,
Daily Event Digest is sent for Calendar Events where reminders are set.,báo cáo sự kiện hàng ngày được gửi như là Lịch sự kiện cùng với nhắc nhở,
Daily Events should finish on the Same Day.,Sự kiện hàng ngày sẽ kết thúc vào cùng một ngày.,
Daily Long,Hàng ngày dài,
Daily,Hàng ngày,
Daman and Diu,Daman và Diu,
Danger,Nguy hiểm,
Dark Color,Màu tối,
darkgrey,màu xám đen,
Dashboard Chart Field,Trường biểu đồ bảng điều khiển,
Dashboard Chart Link,Bảng điều khiển liên kết,
Dashboard Chart Source,Bảng điều khiển nguồn,
Dashboard Chart,Bảng điều khiển,
Dashboard Manager,Trình quản lý trang tổng quan,
Dashboard Name,Tên bảng điều khiển,
Dashboard Settings,Cài đặt trang tổng quan,
Dashboard,bảng điều khiển,
Dashboards,Bảng điều khiển,
Data Export,Xuất dữ liệu,
Data Import Legacy,Nhập dữ liệu kế thừa,
Data Import Template,Mẫu dữ liệu nhập,
Data Import,Nhập dữ liệu,
Data Migration Connector,Bộ kết nối chuyển dữ liệu,
Data Migration Mapping Detail,Chi tiết bản đồ chuyển đổi dữ liệu,
Data Migration Mapping,Lập bản đồ chuyển đổi dữ liệu,
Data Migration Plan Mapping,Lập bản đồ kế hoạch di chuyển dữ liệu,
Data Migration Plan,Kế hoạch di chuyển dữ liệu,
Data Migration Run,Chạy di chuyển dữ liệu,
Data Migration,Di chuyển dữ liệu,
Data missing in table,Dữ liệu bị mất trong bảng,
Data Too Long,Dữ liệu quá dài,
Data,Dữ liệu,
Database Engine,bộ máy cơ sở dữ liệu,
Database Name,Tên cơ sở dữ liệu,
Date {0} must be in format: {1},Ngày {0} phải ở định dạng: {1},
Date and Number Format,định dạng ngày và số,
Date Format,Định dạng ngày,
Date,Ngày,
Dates are often easy to guess.,Ngày thường dễ đoán.,
Datetime,Ngày giờ,
Day of Week,Ngày trong tuần,
Day,Ngày,
Days After,những ngày sau đó,
Days Before or After,những ngày trước hoặc sau,
Days Before,những ngày trước đó,
dd-mm-yyyy,ngày-tháng-năm,
dd.mm.yyyy,ngày.tháng.năm,
dd/mm/yyyy,ngày/tháng/năm,
Dear {0},Kính gửi {0},
Dear,Thân,
Default {0},Mặc định {0},
Default Address Template cannot be deleted,Địa chỉ mặc định mẫu không thể bị xóa,
Default for 'Check' type of field {0} must be either '0' or '1',Mặc định cho loại trường &#39;Kiểm tra&#39; {0} phải là &#39;0&#39; hoặc &#39;1&#39;,
Default Inbox,Mặc định Inbox,
Default Incoming,Mặc định Incoming,
Default Letter Head,Tiêu đề trang mặc định,
Default Outgoing,Mặc định Outgoing,
Default Portal Home,Trang chủ Cổng thông tin Mặc định,
Default Print Format,Mặc định In Định dạng,
Default Print Language,Ngôn ngữ in mặc định,
Default Redirect URI,Mặc định Redirect URI,
Default Role at Time of Signup,Mặc định vai trò tại Thời gian đăng ký,
Default Role on Creation,Vai trò mặc định đối với việc tạo,
Default Sending and Inbox,Mặc định Gửi và Inbox,
Default Sending,Mặc định gửi,
Default Sort Field,Trường sắp xếp mặc định,
Default Sort Order,Thứ tự sắp xếp mặc định,
Default Theme,Hình nền mặc định,
Default value for {0} must be in the list of options.,Giá trị mặc định cho {0} phải nằm trong danh sách các tùy chọn.,
Default Value,Giá trị mặc định,
Default,Mặc định,
Defaults,Mặc định,
DefaultValue,DefaultValue,
Define workflows for forms.,Xác định quy trình công việc cho các hình thức.,
Defines actions on states and the next step and allowed roles.,Xác định các hành động trên các quốc gia và các bước tiếp theo và vai trò cho phép.,
Defines workflow states and rules for a document.,Xác định trạng thái công việc và các quy tắc cho một tài liệu.,
Delayed,Bị hoãn,
Delete {0} items permanently?,Xóa {0} mục vĩnh viễn?,
Delete All,Xóa hết,
Delete and Generate New,Xóa và tạo mới,
Delete comment?,Xóa comment?,
Delete Data,Xóa dữ liệu,
Delete this record to allow sending to this email address,Xóa hồ sơ này để cho phép gửi đến địa chỉ email này,
Delete,Xóa,
Deleted DocType,DocType xóa,
Deleted Document,Tài liệu bị xóa,
Deleted Documents,hồ sơ đã xóa,
Deleted Name,Tên xóa,
Deleted,Đã bị xóa,
Deleting {0},Xóa {0},
Delhi,Delhi,
Delivery Failed,Giao hàng thất bại,
Delivery Status,Tình trạng giao,
Department,Cục,
Depends On,Phụ thuộc Bật,
DESC,DESC,
Descendants Of,Hậu duệ của,
Description,Mô tả,
Designation,Chỉ định,
Desk Access,bàn truy cập,
Desk Card,Thẻ bàn,
Desk Chart,Biểu đồ bàn,
Desk Page,Trang bàn,
Desk Shortcut,Bàn phím tắt,
Desk,Bàn giấy,
Desktop Icon already exists,biểu tượng màn hình chờ tồn tại sẵn,
Desktop Icon,Biểu tượng Desktop,
Desktop,Máy tính để bàn,
Details,Chi tiết,
Developer Mode Only,Chỉ dành cho chế độ nhà phát triển,
Developer,Nhà phát triển,
Did not add,Không thêm,
Did not cancel,Không hủy bỏ,
Did not find {0} for {0} ({1}),Không tìm thấy {0} cho {0} ({1}),
Did not remove,Không loại bỏ,
Digits,Chữ số,
Direct room with {0} already exists.,Phòng trực tiếp với {0} đã tồn tại.,
Direct,Thẳng thắn,
Disable Auto Refresh,Vô hiệu hóa Tự động làm mới,
Disable Comments,Tắt nhận xét,
Disable Count,Vô hiệu hóa Đếm,
Disable Customer Signup link in Login page,Vô hiệu hóa liên kết ở mục Đăng ký khách hàng trong trang đăng nhập,
Disable Prepared Report,Vô hiệu hóa báo cáo đã chuẩn bị,
Disable Report,Disable Báo cáo,
Disable Self Enrollment,Đăng ký tự động vô hiệu hóa,
Disable Sidebar Stats,Vô hiệu hóa thống kê Sidebar,
Disable Signup for your site,Tắt Đăng ký cho trang web của bạn,
Disable Signup,Vô hiệu hóa đăng ký,
Disable SMTP server authentication,Vô hiệu hóa xác thực máy chủ SMTP,
Disable Standard Email Footer,Vô hiệu hóa chân trang email chuẩn,
Disable User Customization,Vô hiệu hóa tùy chỉnh người dùng,
Disabled Auto Reply,Đã tắt trả lời tự động,
Disabled,Đã vô hiệu hóa,
Discard,Huỷ bỏ,
Dismiss,Bỏ qua,
Display Depends On,Hiện thị dựa trên,
Display,Hiển thị,
Do not allow user to change after set the first time,Không cho phép người dùng thay đổi sau khi thiết lập lần đầu tiên,
Do not edit headers which are preset in the template,Không sửa tiêu đề được đặt sẵn trong mẫu,
Do not have permission to access {0} bucket.,Không có quyền truy cập nhóm {0}.,
Do not send Emails,Không gửi email,
Do you really want to send this email newsletter?,Bạn có thực sự muốn gửi bản tin email này không?,
Do you want to cancel all linked documents?,Bạn có muốn hủy bỏ tất cả các tài liệu liên kết?,
Doc Event,Sự kiện Doc,
Doc Events,Sự kiện Doc,
Doc Status,Doc Trạng thái,
DocField,DocField,
DocPerm,DocPerm,
DocShare,DocShare,
DocType <b>{0}</b> provided for the field <b>{1}</b> must have atleast one Link field,DocType <b>{0}</b> được cung cấp cho trường <b>{1}</b> phải có ít nhất một trường Liên kết,
DocType Action,Hành động DocType,
DocType can not be merged,DocType không thể được sáp nhập,
DocType can only be renamed by Administrator,DocType chỉ có thể được đổi tên thành bởi Administrator,
DocType Event,Sự kiện DocType,
DocType is a Table / Form in the application.,DOCTYPE là một Table / Form trong ứng dụng.,
DocType Link,Liên kết tài liệu,
DocType must be Submittable for the selected Doc Event,DocType phải được Cho phép chuyển tiếp cho sự kiện Doc đã chọn,
DocType on which this Workflow is applicable.,DocType mà Workflow này được áp dụng.,
Doctype required,Doctype yêu cầu,
DocType View,Chế độ xem DocType,
Doctype,DocType,
DocType,Tài liệu,
DocType's name should not start or end with whitespace,Tên của DocType không được bắt đầu hoặc kết thúc bằng khoảng trắng,
Document {0} Already Restored,Tài liệu {0} đã được khôi phục,
Document {0} has been set to state {1} by {2},Tài liệu {0} đã được đặt thành trạng thái {1} theo {2},
Document Actions,Hành động tài liệu,
Document can't saved.,Tài liệu không thể lưu.,
Document Follow Notification,Tài liệu theo thông báo,
Document Follow,Tài liệu theo dõi,
Document is only editable by users with role,Chỉ người dùng có vai trò mới có thể chỉnh sửa tài liệu,
Document Link,Liên kết tài liệu,
Document Links,Liên kết tài liệu,
Document Name,Document Name,
Document Naming Rule Condition,Điều kiện quy tắc đặt tên tài liệu,
Document Naming Rule,Quy tắc đặt tên tài liệu,
Document Queued,Tài liệu xếp hàng đợi,
Document renamed from {0} to {1},Tài liệu được đổi tên từ {0} thành {1},
Document Restoration Summary,Tóm tắt khôi phục tài liệu,
Document Restored,tài liệu được khôi phục,
Document Share Report,Tài liệu Chia sẻ Báo cáo,
Document Share,Chia sẻ tài liệu,
Document States,Tài liệu Hoa,
Document Status,Trạng thái bản ghi,
Document Tag,Thẻ tài liệu,
Document Title,Tiêu đề tài liệu,
Document Type {0} has been repeated.,Loại tài liệu {0} đã được lặp lại.,
Document Type Field Mapping,Ánh xạ trường loại tài liệu,
Document Type is not importable,Loại tài liệu không thể nhập được,
Document Type is not submittable,Loại tài liệu không thể gửi,
Document type is required to create a dashboard chart,Loại tài liệu là cần thiết để tạo một biểu đồ bảng điều khiển,
Document Type Mapping,Ánh xạ loại tài liệu,
Document Type to Track,Loại tài liệu cần theo dõi,
Document Type,loại tài liệu,
Document Types,Các loại tài liệu,
Document,Tài liệu,
Documentation Link,Liên kết tài liệu,
Documentation URL,URL tài liệu,
Documents assigned to you and by you.,Tài liệu được giao cho bạn và bởi bạn.,
Documents restored successfully,Đã khôi phục tài liệu thành công,
Documents that failed to restore,Tài liệu không khôi phục được,
Documents that were already restored,Tài liệu đã được khôi phục,
Documents,Tài liệu,
domain name,tên miền,
Domain Settings,Cài đặt miền tùy chỉnh,
Domain,Tên miền,
Domains HTML,Tên miền HTML,
Domains,Tên miền,
Don't create new records,Không tạo hồ sơ mới,
Don't have an account? Sign up,Không có tài khoản rồi? Đăng ký,
Don't Import,Không nhập,
Don't Override Status,Đừng Override Status,
Don't Send Emails,Không gửi email,
Donut,Bánh vòng,
Download Backups,Tải Backups,
Download Data,Tải xuống dữ liệu,
Download Files Backup,Tải xuống Tệp sao lưu,
Download link for your backup will be emailed on the following email address: {0},Tải về liên kết cho sao lưu của bạn sẽ được gửi qua email vào địa chỉ email sau: {0},
Download Link,Đường dẫn tải xuống,
Download Report,Tải xuống báo cáo,
Download Template,Tải mẫu,
Download with Data,Tải dữ liệu,
Download Your Data,Tải xuống dữ liệu của bạn,
download-alt,tải-alt,
download,Đã tải xuống,
Download,Tải xuống,
Draft,Bản nháp,
DRAFT,Dự thảo,
Drag and Drop tool to build and customize Print Formats.,Kéo và thả công cụ để xây dựng và tùy dạng Print.,
Drag elements from the sidebar to add. Drag them back to trash.,Yếu tố kéo từ thanh bên để thêm. Kéo chúng trở lại vào thùng rác.,
Drop files here,Thả tập tin ở đây,
Drop Here,Thả ở đây,
Drop,Rơi vãi,
Dropbox access is approved!,truy cập Dropbox được chấp nhận!,
Dropbox Access Key,Dropbox Access Key,
Dropbox Access Secret,Dropbox truy cập bí mật,
Dropbox Access Token,phiếu truy cập Dropbox,
Dropbox backup settings,thiết lập Dropbox sao lưu,
Dropbox Settings,Cài đặt Dropbox,
Dropbox Setup,Dropbox cài đặt,
Dropdowns,Trình đơn thả xuống,
Due Date Based On,Ngày Dư Dựa Dựa Trên,
Due Date,Ngày đáo hạn,
Duplicate Filter Name,Tên bộ lọc trùng lặp,
Duplicate Name,Tên trùng lặp,
Duplicate,Bản sao,
Duration,Thời lượng,
Dynamic Filters JSON,Bộ lọc động JSON,
Dynamic Filters Section,Phần bộ lọc động,
Dynamic Filters,Bộ lọc động,
Dynamic Link,Liên kết động,
Dynamic Report Filters,Bộ lọc báo cáo động,
Dynamic Route,Tuyến động,
Dynamic Template,Mẫu động,
e.g. (55 + 434) / 4 or =Math.sin(Math.PI/2)...,ví dụ: (55 + 434) / 4 hoặc = Math.sin (Math.PI / 2) ...,
e.g. pop.gmail.com / imap.gmail.com,ví dụ: pop.gmail.com / imap.gmail.com,
e.g. replies@yourcomany.com. All replies will come to this inbox.,ví dụ như replies@yourcomany.com. Tất cả trả lời sẽ đến hộp thư này.,
e.g. smtp.gmail.com,ví dụ: smtp.gmail.com,
e.g.:,ví dụ như:,
Edit {0},Chỉnh sửa {0},
Edit Auto Email Report Settings,Chỉnh sửa Cài đặt Báo cáo Email tự động,
Edit Chart,Chỉnh sửa biểu đồ,
Edit Custom HTML,Sửa Tuỳ chỉnh HTML,
Edit DocType,Sửa Loại tài liệu,
Edit Filter,Sửa bộ lọc,
Edit Format,Sửa Format,
Edit Heading,Sửa Tiêu đề,
Edit HTML,Chỉnh sửa HTML,
Edit in Full Page,Chỉnh sửa trong toàn trang,
Edit in full page,Chỉnh sửa trong trang đầy đủ,
Edit Profile,Chỉnh sửa hồ sơ,
Edit Profile,Sửa hồ sơ,
Edit Properties,Chỉnh sửa tài sản,
Edit Shortcut,Chỉnh sửa lối tắt,
Edit to add content,Chỉnh sửa để thêm nội dung,
Edit Values,Chỉnh sửa giá trị,
Edit,Chỉnh sửa,
edit,Sửa,
Editable Grid,mạng lưới có thể chỉnh sửa,
Editing Row,dòng chỉnh sửa,
Eg. smsgateway.com/api/send_sms.cgi,Ví dụ. smsgateway.com/api/send_sms.cgi,
eject,đào thải,
Email / Notifications,Thông báo thư điện tử,
Email Account added multiple times,Tài khoản Email thêm nhiều lần,
Email Account Name,Tên tài khoản email,
Email Account not setup. Please create a new Email Account from Setup > Email > Email Account,Tài khoản email không được thiết lập. Vui lòng tạo Tài khoản Email mới từ Cài đặt&gt; Email&gt; Tài khoản Email,
Email Account setup please enter your password for: {0},Thiết lập tài khoản email vui lòng nhập mật khẩu của bạn cho: {0},
Email Account,Tài khoản email,
Email Address whose Google Contacts are to be synced.,Địa chỉ Email có Danh bạ Google sẽ được đồng bộ hóa.,
Email Address,Địa chỉ email,
Email Addresses,Địa chỉ email,
Email Domain,Tên miền email,
Email Flag Queue,Email Cờ Queue,
Email Footer Address,Email Footer Địa chỉ,
Email Group List,Danh sách Nhóm Email,
Email Group Member,Email Nhóm thành viên,
Email Group,Email Nhóm,
Email has been marked as spam,Email đã được đánh dấu là spam,
Email has been moved to trash,Email đã được di chuyển vào thùng rác,
Email ID,ID email,
Email IDs,Email Id,
email inbox,Hộp thư đến email,
Email Inbox,Hộp thư email,
Email Login ID,ID Đăng nhập Email,
Email not sent to {0} (unsubscribed / disabled),Gửi mail không được gửi đến {0} (bỏ đăng ký / vô hiệu hóa),
Email not verified with {0},Email chưa được xác minh với {0},
Email Queue Recipient,Hàng chờ người nhận email,
Email Queue records.,Hàng chờ bản ghi email,
Email Queue,Hàng chờ email,
Email queued to {0} recipients,Email được xếp hàng đợi đến {0} người nhận,
Email Reply Help,Trợ giúp trả lời qua email,
Email Rule,Điều lệ Email,
Email Sent,Email đã gửi,
Email Server,Máy chủ Email,
Email Settings,Thiết lập email,
Email Signature,Chữ ký email,
Email Status,Tình trạng email,
Email Sync Option,Đồng bộ hóa email Tùy chọn,
Email Template,Mẫu email,
Email Templates for common queries.,Mẫu email cho các truy vấn phổ biến.,
Email To,Để Email,
Email Unsubscribe,Email Hủy đăng ký,
Email,E-mail,
EMail,Email,
Emails are muted,Email là tắt tiếng,
Emails will be sent with next possible workflow actions,Email sẽ được gửi với các hành động dòng công việc có thể tiếp theo,
Embed image slideshows in website pages.,Trình chiếu hình ảnh nhúng trong các trang web.,
empty,trống,
Enable / Disable Domains,Bật / Tắt tên miền,
Enable Allow Auto Repeat for the doctype {0} in Customize Form,Bật Cho phép Tự động lặp lại cho loại tài liệu {0} trong Tùy chỉnh biểu mẫu,
Enable Auto Reply,Enable Auto Reply,
Enable Auto-deletion of Prepared Reports,Bật tính năng Tự động xóa các Báo cáo đã Chuẩn bị,
Enable Automatic Backup,Bật Tự động sao lưu,
Enable Automatic Linking in Documents,Kích hoạt liên kết tự động trong tài liệu,
Enable Chat,Bật Trò chuyện,
Enable Comments,Cho phép nhận xét,
Enable developer mode to create a standard Web Template,Bật chế độ nhà phát triển để tạo Mẫu web chuẩn,
Enable Email Notifications,Bật thông báo email,
Enable Google API in Google Settings.,Kích hoạt Google API trong Cài đặt Google.,
Enable Google Indexing,Bật lập chỉ mục của Google,
Enable In App Website Tracking,Bật theo dõi trang web trong ứng dụng,
Enable Incoming,Kích hoạt tính năng Incoming,
Enable Onboarding,Bật giới thiệu,
Enable Outgoing,Kích hoạt Outgoing,
Enable Password Policy,Bật Chính sách Mật khẩu,
Enable Print Server,Bật máy chủ in,
Enable Raw Printing,Cho phép in thô,
Enable Report,Kích hoạt tính năng Report,
Enable Scheduled Jobs,Việc cho phép theo lịch trình,
Enable Security,Kích hoạt bảo mật,
Enable Social Login,Bật đăng nhập xã hội,
Enable Social Sharing,Bật chia sẻ xã hội,
Enable Tracking Page Views,Bật theo dõi lượt xem trang,
Enable Two Factor Auth,Kích hoạt tính năng xác thực hai yếu tố,
Enable,K.hoạt,
Enabled email inbox for user {0},Hộp thư email đã bật cho người dùng {0},
Enabled scheduled execution for script {0},Đã bật thực thi theo lịch trình cho tập lệnh {0},
Enabled,Đã bật,
End Date cannot be before Start Date!,Ngày kết thúc không được trước ngày bắt đầu!,
End Date Field,Trường ngày kết thúc,
End Date,Ngày kết thúc,
Endpoint URL,URL điểm cuối,
Ends on,Kết thúc vào ngày,
Energy Point Log,Nhật ký năng lượng,
Energy Point Rule,Quy tắc điểm năng lượng,
Energy Point Settings,Cài đặt điểm năng lượng,
Energy Point Update on {0},Cập nhật điểm năng lượng trên {0},
Energy Point,Điểm năng lượng,
Energy Points,Điểm năng lượng,
Energy Points:,Điểm năng lượng:,
Enrolled,Đã ghi danh,
Enter Client Id and Client Secret in Google Settings.,Nhập Id khách hàng và Bí mật khách hàng trong Cài đặt Google.,
Enter Code displayed in OTP App.,Nhập mã được hiển thị trong Ứng dụng OTP.,
Enter Email Recipient(s),Nhập Email người nhận (s),
Enter folder name,Nhập tên thư mục,
Enter Form Type,Nhập Loại Mẫu,
Enter python module or select connector type,Nhập mô-đun python hoặc chọn loại kết nối,
Enter url parameter for message,Nhập tham số url cho tin nhắn,
Enter url parameter for receiver nos,Nhập tham số url cho người nhận nos,
Enter Value,Giá trị nhập,
Enter your password,Nhập mật khẩu của bạn,
Entity Name,Tên pháp nhân,
Entity Type,Loại thực thể,
envelope,phong bì,
Equals,Bằng,
ERPNext Role,Vai trò ERPNext,
Error Attaching File,Lỗi khi đính kèm tệp,
Error Code: {0},Mã lỗi: {0},
Error has occurred in {0},Đã xảy ra lỗi trong {0},
Error in Custom Script,Lỗi trong Tuỳ chỉnh Script,
Error in Notification,Lỗi trong thông báo,
Error in Notification: {},Lỗi trong thông báo: {},
Error Log Notification,Thông báo nhật ký lỗi,
Error Log,Lỗi hệ thống,
Error Message,Thông báo lỗi,
Error Report,Báo cáo lỗi,
Error Snapshot,Lỗi Snapshot,
Error while connecting to email account {0},Lỗi khi kết nối với tài khoản email {0},
Error while evaluating Notification {0}. Please fix your template.,Lỗi khi đánh giá Thông báo {0}. Vui lòng sửa mẫu của bạn.,
Error,Lỗi,
Error: Document has been modified after you have opened it,Lỗi: tài liệu đã được sửa đổi sau khi bạn đã mở nó,
Error: Value missing for {0}: {1},Lỗi: Giá trị thiếu trong {0}: {1},
Errors in Background Events,Lỗi trong Sự kiện nền,
ESC,ESC,
eu-central-1,trung tâm-1,
eu-north-1,eu-bắc-1,
eu-south-1,eu-south-1,
eu-west-1,eu-tây-1,
eu-west-2,eu-tây-2,
eu-west-3,eu-tây-3,
Evaluation On: ,Đánh giá vào: ,
Evaluator,Người đánh giá,
Event and other calendars.,Tổ chức sự kiện và lịch khác.,
Event Category,Danh mục sự kiện,
Event Configurations,Cấu hình sự kiện,
Event Consumer Document Type,Loại tài liệu tiêu dùng sự kiện,
Event Consumer Document Types,Các loại tài liệu tiêu dùng sự kiện,
Event Consumer,Người tiêu dùng sự kiện,
Event Participants,Người tham gia sự kiện,
Event Producer Document Type,Loại tài liệu của nhà sản xuất sự kiện,
Event Producer Document Types,Các loại tài liệu của nhà sản xuất sự kiện,
Event Producer Last Update,Cập nhật lần cuối của Event Producer,
Event Producer,Nhà sản xuất sự kiện,
Event Streaming,Truyền phát sự kiện,
Event Subscriber has to be a System Manager.,Người đăng ký sự kiện phải là Người quản lý hệ thống.,
Event Subscriber,Thuê bao sự kiện,
Event Sync Log,Nhật ký đồng bộ hóa sự kiện,
Event Synced with Google Calendar.,Sự kiện được đồng bộ hóa với Lịch Google.,
Event Type,Loại sự kiện,
Event Update Log,Nhật ký cập nhật sự kiện,
Event,Sự Kiện,
Events in Today's Calendar,Sự kiện Trong Hôm nay của Lịch,
Everyone,Tất cả mọi người,
Example Email Address,Địa chỉ Email dụ,
Example,Thí dụ,
Example: {{ subject }},Ví dụ: {{chủ đề}},
Example: #Tree/Account,Ví dụ: # Cây / Tài khoản,
Example: 00001,Ví dụ: 00001,
Excel,Excel,
Exception Type,Loại ngoại lệ,
Exception,Exception,
exclamation-sign,chấm than-dấu,
Execute Console script,Thực thi tập lệnh Console,
Execute,Hành hình,
Execution Time: {0} sec,Thời gian thực hiện: {0} giây,
Expand All,Mở rộng tất cả,
Expand,Mở rộng,
Expert,Chuyên gia,
Expiration time,thời gian hết hạn,
Expire Notification On,Hết Hạn Thông báo Mở,
Expired,Hết hạn,
Expires In,hết hạn trong,
Expiry time of QR Code Image Page,Thời gian hết hạn của Trang Hình Mã QR,
Export {0} records,Xuất bản ghi {0},
Export 1 record,Xuất 1 bản ghi,
Export All {0} rows?,Xuất tất cả {0} hàng?,
Export Custom Permissions,Xuất Quyền Tuỳ chỉnh,
Export Customizations,Tuỳ chỉnh xuất khẩu,
Export Data in CSV / Excel format.,Xuất dữ liệu ở định dạng CSV / Excel.,
Export Data,Xuất dữ liệu,
Export Errored Rows,Xuất khẩu hàng bị xóa,
Export From,Xuất khẩu từ,
Export not allowed. You need {0} role to export.,Xuất khẩu không được phép. Bạn cần {0} vai trò xuất khẩu.,
Export Report: {0},Xuất báo cáo: {0},
Export Type,Loại xuất khẩu,
Export,Xuất,
Expose Recipients,Đưa ra nhận,
Extends Another Page,Mở rộng trang khác,
Extends,Mở rộng,
eye-close,mắt gần,
eye-open,mắt mở,
Facebook,Facebook,
facetime-video,FaceTime video,
Fail,Thất bại,
Failed to change password.,Không thể thay đổi mật khẩu.,
Failed to complete setup,Không thể hoàn tất thiết lập,
Failed to connect to server,kết nối thất bại,
Failed to connect to the Event Producer site. Retry after some time.,Không thể kết nối với trang web của Nhà sản xuất sự kiện. Thử lại sau một thời gian.,
Failed to create an Event Consumer or an Event Consumer for the current site is already registered.,Không thể tạo Người tiêu dùng sự kiện hoặc Người tiêu dùng sự kiện cho trang web hiện tại đã được đăng ký.,
Failed to send {0} Auto Email Report,Không gửi được {0} Báo cáo email tự động,
Failed Transactions,Giao dịch không thành công,
Failed while amending subscription,Không thành công khi đang sửa đổi đăng ký,
Failed,Thất bại,
Failure,Sự thất bại,
fairlogin,fairlogin,
fast-backward,nhanh chóng lạc hậu,
fast-forward,nhanh về phía trước,
FavIcon,Favicon,
Fax,Fax,
Featured,Đặc sắc,
Feedback Request,Phản hồi Yêu cầu,
Feedback,Thông tin phản hồi,
Female,Nữ,
Fetch attached images from document,Tìm nạp hình ảnh đính kèm từ tài liệu,
Fetch From,Tìm nạp từ,
Fetch If Empty,Tìm nạp nếu trống,
Fetch Images,Tìm nạp hình ảnh,
Fetching default Global Search documents.,Tìm nạp tài liệu Tìm kiếm Toàn cầu mặc định.,
Fetching posts...,Đang tải bài viết ...,
Field {0} not found.,Trường {0} không được tìm thấy,
Field Description,Dòng Mô tả,
Field Maps,Bản đồ hiện trường,
Field Name,Tên trường,
Field To Check,Trường để kiểm tra,
Field to Track,Trường để theo dõi,
Field type cannot be changed for {0},Không thể thay đổi loại trường cho {0},
Field Type,Loại lĩnh vực,
Field,Cánh đồng,
Fieldname {0} cannot have special characters like {1},Fieldname {0} không có các ký tự đặc biệt như {1},
Fieldname {0} conflicting with meta object,Fieldname {0} mâu thuẫn với đối tượng meta,
Fieldname {0} is restricted,Tên trường {0} bị hạn chế,
Fieldname is limited to 64 characters ({0}),Fieldname được giới hạn đến 64 ký tự ({0}),
Fieldname not set for Custom Field,Fieldname không được thiết lập cho Trường Tuỳ chỉnh,
Fieldname which will be the DocType for this link field.,Fieldname đó sẽ là DOCTYPE cho trường liên kết này.,
Fieldname,Fieldname,
Fields Multicheck,Trường Multicheck,
Fields,Các trường,
Fieldtype cannot be changed from {0} to {1} in row {2},Fieldtype không thể thay đổi từ {0} đến {1} trong hàng {2},
Fieldtype,Fieldtype,
File '{0}' not found,File &#39;{0}&#39; không tìm thấy,
File {0} does not exist,File {0} không tồn tại,
File backup is ready,Sao lưu tệp đã sẵn sàng,
File Backup,Sao lưu tập tin,
File Information,Thông tin tập tin,
File Manager,Quản lý tập tin,
File name cannot have {0},Tên tệp không được có {0},
File Name,Tên tệp tin,
File not attached,File chưa được đính kèm,
File size exceeded the maximum allowed size of {0} MB,Kích thước tập tin vượt quá kích thước tối đa cho phép {0} MB,
File Size,Dung lượng file,
File too big,Tệp quá lớn,
File Type,Loại tệp,
File Upload Disconnected. Please try again.,Tải lên tệp bị ngắt kết nối. Vui lòng thử lại.,
File Upload in Progress. Please try again in a few moments.,Đang tải lên tệp. Vui lòng thử lại sau vài phút.,
File Upload,Tải tệp lên,
File URL,Đường dẫn tập tin,
file,file,
File,Tập tin,
Files,Các tập tin,
film,quay phim,
Filter By,Lọc bởi,
Filter Data,Lọc dữ liệu,
Filter List,Danh sách bộ lọc,
Filter Meta,lọc bản thử,
Filter must be a tuple or list (in a list),Bộ lọc phải là một dãy hữu hạn hoặc một danh sách (trong 1 danh sách),
Filter Name,Tên bộ lọc,
Filter Values,Giá trị bộ lọc,
Filter,Bộ lọc,
Filter...,Bộ lọc ...,
Filtered Records,Hồ sơ đã lọc,
Filters applied for {0},Các bộ lọc được áp dụng cho {0},
Filters Configuration,Cấu hình bộ lọc,
Filters Display,Bộ lọc hiển thị,
Filters JSON,Bộ lọc JSON,
Filters saved,Bộ lọc lưu,
Filters Section,Phần bộ lọc,
Filters,Bộ lọc,
Find {0} in {1},Tìm {0} trong {1},
Finished,Đã kết thúc,
fire,lửa,
First data column must be blank.,Cột dữ liệu đầu tiên phải được để trống.,
First Level,Đầu Cấp,
First Name,Họ,
First set the name and save the record.,Trước tiên hãy đặt tên và lưu bản ghi.,
First Success Message,Thông điệp thành công đầu tiên,
First Transaction,Giao dịch đầu tiên,
First,Đầu tiên,
Flag,Cờ,
Float Precision,Độ nổi chính xác,
Float,Phao,
Fold can not be at the end of the form,Sự sắp xếp không thể ở cuối mẫu,
Fold must come before a Section Break,Sự sắp xếp phải đến trước việc ngắt phân đoạn,
Fold,Gập lại,
Folder {0} is not empty,Thư mục {0} không trống,
Folder name should not include '/' (slash),Tên thư mục không nên bao gồm '/' (đoạn cắt),
folder-close,thư mục đóng,
folder-open,thư mục mở,
Folder,Thư mục,
Follow,Theo,
Followed by,Theo dõi bởi,
Following fields are missing:,các lĩnh vực sau bị thiếu:,
Following fields have missing values:,các lĩnh vực sau đây có giá trị còn thiếu:,
Font Properties,Thuộc tính phông chữ,
Font Size,Kích thước văn bản,
Font,Phông chữ,
Fonts,Phông chữ,
Footer HTML,Chân trang HTML,
Footer Items,Phần chân của các mẫu hàng,
Footer Logo,Biểu trưng chân trang,
Footer Template Values,Giá trị mẫu chân trang,
Footer Template,Mẫu chân trang,
Footer will display correctly only in PDF,Footer sẽ chỉ hiển thị chính xác trong PDF,
Footer,Phần chân,
For {0} at level {1} in {2} in row {3},Cho {0} ở mức {1} trong {2} trong hàng {3},
For DocType Link / DocType Action,Đối với DocType Link / DocType Action,
For Document Event,Đối với sự kiện tài liệu,
For Document Type,Đối với loại tài liệu,
For example if you cancel and amend INV004 it will become a new document INV004-1. This helps you to keep track of each amendment.,Ví dụ nếu bạn hủy bỏ và sửa đổi INV004 nó sẽ trở thành một INV004-1 tài liệu mới. Điều này sẽ giúp bạn theo dõi từng sửa đổi.,
For example: {} Open,Ví dụ: {} Mở,
For User,Đối với tài,
For Value,Đối với Giá trị,
Force Show,Hiển thị sức ảnh hưởng,
Force User to Reset Password,Buộc người dùng đặt lại mật khẩu,
Force,Sức ảnh hưởng,
Forgot Password,Quên mật khẩu,
Forgot Password?,Quên mật khẩu?,
Form Customization,Tùy chỉnh mẫu,
Form Settings,Cài đặt biểu mẫu,
Form URL-Encoded,Mẫu mã hóa URL,
Format Data,Định dạng dữ liệu,
Format,định dạng,
Forward To Email Address,Chuyển tiếp tới địa chỉ  email,
Forward,Ở đằng trước,
forward,về phía trước,
Fraction Units,Các đơn vị của phần,
Fraction,Phần,
Frames,Khung,
Frappe Framework,Khung Frappe,
Frappe page builder using components,Trình tạo trang Frappe sử dụng các thành phần,
Frappe,sinh tố,
Frequency,Tần số,
Frequently Visited Links,Liên kết thường xuyên truy cập,
Friday,Thứ sáu,
Friendly Title,Thân thiện Tiêu đề,
From Date Field,Từ trường ngày,
From Date,Từ ngày,
From Document Type,Từ loại tài liệu,
From Full Name,Từ Tên đầy đủ,
From User,Từ người dùng,
From,Từ,
Full Name,Tên đầy đủ,
Full Page,Trang đầy đủ,
Full Width,Chiều rộng đầy đủ,
Full,Đầy,
fullscreen,toàn màn hình,
Function Based On,Chức năng dựa trên,
Function,Chức năng,
Further nodes can be only created under 'Group' type nodes,Các nút khác có thể chỉ có thể tạo ra dưới các nút kiểu 'Nhóm',
Fw: {0},Fw: {0},
gained {0} points,đạt được {0} điểm,
gained by {0} via automatic rule {1},đạt được {0} thông qua quy tắc tự động {1},
Gantt,Biểu đồ Gantt,
Gateway Controller,Quản lý Gateway,
Gateway Settings,Cài đặt gateway,
Gateway,Gateway,
gave {0} points,cho {0} điểm,
GCalendar Sync ID,ID đồng bộ hoá GCalendar,
Gender,Giới Tính,
Genderqueer,Genderqueer,
Generate Keys,Tạo khóa,
Generate New Report,Tạo báo cáo mới,
Generated File,Tệp được tạo,
Geo,Geo,
Geolocation,Vị trí địa lý,
Get Alerts for Today,Đại diện thực cho hôm nay,
Get Certificate,Nhận chứng chỉ,
Get Certified,Nhận chứng chỉ,
Get Contacts,Tải danh sách liên hệ,
Get Fields,Nhận trường,
Get Items,Được mục,
Get started, Hãy bắt đầu
Get your globally recognized avatar from Gravatar.com,Nhận avatar nhận diện trên toàn cầu của bạn từ Gravatar.com,
gift,quà,
Git Branch,Chi nhánh Git,
Github flavoured markdown syntax,Cú pháp đánh dấu có hương vị trên Github,
GitHub Sync ID,ID đồng bộ GitHub,
GitHub,GitHub,
Give Review Points,Cho điểm đánh giá,
glass,ly,
Global Search DocType,Tài liệu tìm kiếm toàn cầu,
Global Search Document Types Reset.,Đặt lại loại tài liệu tìm kiếm toàn cầu.,
Global Search Settings,Cài đặt tìm kiếm toàn cầu,
Global Shortcuts,Phím tắt toàn cầu,
Global Unsubscribe,Hủy đăng ký toàn cầu,
globe,toàn cầu,
GMail,GMail,
Go Back,Quay lại,
Go to {0} List,Chuyển đến Danh sách {0},
Go to {0} Page,Chuyển đến trang {0},
Go to {0},Chuyển đến {0},
Go to next record,Tới bản ghi tiếp theo,
Go to Page,Đi đến trang,
Go to previous record,Tới bản ghi trước,
Go to the document,Chuyển đến tài liệu,
Go to this URL after completing the form (only for Guest users),Chuyển tới URL này sau khi hoàn thành mẫu đơn (chỉ dành cho Người dùng Khách),
Go,Đi,
Goa,Goa,
Goal,Mục tiêu,
Good Work 🎉,Làm tốt lắm 🎉,
Google Analytics Anonymize IP,IP ẩn danh của Google Analytics,
Google Analytics ID,ID Phân tích Google,
Google API Settings.,Cài đặt API của Google.,
Google Calendar Event ID,ID sự kiện lịch Google,
Google Calendar has been configured.,Lịch Google đã được định cấu hình.,
Google Calendar ID,ID Lịch Google,
Google Calendar Integration.,Tích hợp Lịch Google.,
Google Calendar,lịch Google,
Google Contacts has been configured.,Danh bạ Google đã được định cấu hình.,
Google Contacts Id,Id liên hệ của Google,
Google Contacts Integration is disabled.,Tích hợp danh bạ Google bị vô hiệu hóa.,
Google Contacts Integration.,Tích hợp danh bạ Google.,
Google Contacts,Danh bạ Google,
Google Drive - Could not create folder in Google Drive - Error Code {0},Google Drive - Không thể tạo thư mục trong Google Drive - Mã lỗi {0},
Google Drive - Could not find folder in Google Drive - Error Code {0},Google Drive - Không thể tìm thấy thư mục trong Google Drive - Mã lỗi {0},
Google Drive - Could not locate - {0},Google Drive - Không thể định vị - {0},
Google Drive Backup Successful.,Sao lưu Google Drive thành công.,
Google Drive Backup.,Sao lưu Google Drive.,
Google Drive has been configured.,Google Drive đã được định cấu hình.,
Google Drive Integration.,Tích hợp Google Drive.,
Google Drive,Google Drive,
Google Font,Phông chữ Google,
Google Indexing has been configured.,Lập chỉ mục của Google đã được định cấu hình.,
Google Integration is disabled.,Tích hợp Google bị vô hiệu hóa.,
Google Services,Dịch vụ của Google,
Google Settings,Cài đặt Google,
Google Sheets URL is invalid or not publicly accessible.,URL Google Trang tính không hợp lệ hoặc không thể truy cập công khai.,
Google Snippet Preview,Xem trước đoạn mã Google,
Google Translation,Google dịch,
Google,Google,
Grant Type,Loại trợ cấp,
Great Job,Bạn đã làm rất tốt,
Great,Tuyệt quá,
green,màu xanh lá,
Group By Based On,Nhóm dựa trên,
Group By field is required to create a dashboard chart,Nhóm theo trường là bắt buộc để tạo biểu đồ bảng điều khiển,
Group By Type,Nhóm theo loại,
Group By,Nhóm theo,
Group name cannot be empty.,Tên nhóm không thể để trống.,
Group Name,Tên nhóm,
Group Node,Nhóm Node,
Group,Nhóm,
Groups of DocTypes,Nhóm doctypes,
GST State Number,Số tiểu bang GST,
GST State,Tiểu bang GST,
Guest,Khách,
Gujarat,Gujarat,
h,h,Hours (Field: Duration)
Half Day,Nửa ngày,
Half Yearly,Nửa năm,
Half-yearly,Nửa năm,
Half,Một nửa,
hand-down,tay xuống,
hand-left,tay trái,
hand-right,tay phải,
hand-up,tay lên,
Haryana,Haryana,
Has  Attachment,có tập tin đính kèm,
Has Attachments,Có tệp đính kèm,
Has Domain,Có miền,
Has Mapping,Có bản đồ,
Has Role,có vai trò,
Has Web View,Có thể xem trên web,
Have a doubt?,Có thắc mắc?,
Have an account? Login,Có một tài khoản? Đăng nhập,
hdd,hdd,
Header and Breadcrumbs,Header và Breadcrumbs,
Header HTML set from attachment {0},HTML tiêu đề được đặt từ tệp đính kèm {0},
Header HTML,Tiêu đề HTML,
Header Image,Hình ảnh Tiêu đề,
Header,Phần đầu,
Headers,Tiêu đề,
Heading,Đề mục,
Headline,Tiêu đề,
headphones,tai nghe,
heart,tim,
Heatmap,Bản đồ nhiệt,
Hello {0},Xin chào {0},
Hello!,Xin chào!,
Help Article,Điều khoản trợ giúp,
Help Articles,Các điều khoản trợ giúp,
Help Category,Phân loại trợ giúp,
Help Dropdown,Trợ giúp thả xuống,
Help HTML,Giúp đỡ HTML,
Help on Search,Giúp đỡ về Tìm kiếm,
Help us improve our course material.,Giúp chúng tôi cải thiện nội dung khóa học.,
Help,Trợ giúp,
Helvetica,Helvetica,
Hey,Xin chào,
HH:mm,HH: mm,
HH:mm:ss,HH: mm: ss,
Hi {0},Xin chào {0},
Hidden,Ẩn,
Hide Block,Ẩn khối,
Hide Border,Ẩn đường viền,
Hide Copy,Ẩn sao chép,
Hide CTA,Ẩn CTA,
Hide Custom DocTypes and Reports,Ẩn các loại tài liệu và báo cáo tùy chỉnh,
Hide Days,Ẩn ngày,
Hide details,Ẩn chi tiết,
Hide footer in auto email reports,Ẩn chân trang trong báo cáo email tự động,
Hide Footer Signup,Ẩn đăng ký dưới cùng,
Hide Login,Ẩn thông tin đăng nhập,
Hide Seconds,Ẩn Giây,
Hide Sidebar and Menu,Ẩn Thanh bên và Menu,
Hide Standard Menu,Hide chuẩn đơn,
Hide Traceback,Ẩn Traceback,
Hide Weekends,Ẩn các ngày cuối tuần,
Hide,Ẩn giấu,
High,Cao,
Higher priority rule will be applied first,Quy tắc ưu tiên cao hơn sẽ được áp dụng đầu tiên,
Highlight,Điểm nổi bật,
Himachal Pradesh,Himachal Pradesh,
Home Page,Trang chủ,
Home Settings,Cài đặt nhà,
Home,Trang Chủ,
Home/Test Folder 1,Trang chủ / kiểm tra thư mục 1,
Home/Test Folder 1/Test Folder 3,Trang chủ / Kiểm tra Thư mục 1 / Kiểm tra thư mục 3,
Home/Test Folder 2,Trang chủ / kiểm tra Thư mục 2,
HOOK-.####,HOOK -. ####,
Host,Chủ,
Hostname,Tên máy chủ,
Hourly comment limit reached for: {0},Đã đạt đến giới hạn nhận xét hàng giờ cho: {0},
Hourly Long,Hàng giờ dài,
Hourly rate limit for generating password reset links,Giới hạn tốc độ hàng giờ để tạo liên kết đặt lại mật khẩu,
Hourly,Hàng giờ,
HTML Editor,Trình chỉnh sửa HTML,
HTML for header section. Optional,HTML cho phần tiêu đề. Không bắt buộc,
HTML Page,Trang HTML,
HTML with jinja support,HTML có hỗ trợ jinja,
HTML,HTML,
Hub Sync ID,ID đồng bộ hóa của Hub,
hub,trung tâm,
I found these: ,Tôi tìm thấy sau đây:,
Icon will appear on the button,Biểu tượng sẽ xuất hiện trên nút,
Icon,Biểu tượng,
ID (name) of the entity whose property is to be set,ID (tên) của đơn vị có tài sản được thiết lập,
ID,ID,
Identity Details,Thông tin Nhận dạng,
Idx,Idx,
If Checked workflow status will not override status in list view,Nếu tình trạng công việc đã được kiểm tra sẽ không ghi đè lên trạng thái trong danh sách,
If non standard port (e.g. 587),Nếu cổng phi tiêu chuẩn (ví dụ 587),
If Owner,Nếu chủ,
If the condition is satisfied user will be rewarded with the points. eg. doc.status == 'Closed'\n,Nếu điều kiện được thỏa mãn người dùng sẽ được thưởng điểm. ví dụ. doc.status == &#39;Đã đóng&#39;,
If the document has different field names on the Producer and Consumer's end check this and set up the Mapping,"Nếu tài liệu có các tên trường khác nhau ở cuối Nhà sản xuất và Người tiêu dùng, hãy kiểm tra điều này và thiết lập Ánh xạ",
If this is checked the documents will have the same name as they have on the Event Producer's site,"Nếu điều này được kiểm tra, các tài liệu sẽ có cùng tên như trên trang của Nhà sản xuất sự kiện",
If user is the owner,Nếu người dùng là chủ sở hữu,
If you are updating/overwriting already created records.,Nếu bạn đang cập nhật / ghi đè hồ sơ đã tạo.,
If you don't want to create any new records while updating the older records.,Nếu bạn không muốn tạo ra bất kỳ hồ sơ mới trong khi cập nhật hồ sơ cũ.,
Ignore attachments over this size,Bỏ qua file đính kèm vượt quá kích thước này,
Ignore encoding errors,Bỏ qua các lỗi mã hóa,
Ignore User Permissions,Bỏ qua tài Quyền,
Ignore XSS Filter,Bỏ qua bộ lọc,
Ignored Apps,Ứng dụng bị Bỏ qua,
Ignored: {0} to {1},Bỏ qua: {0} đến {1},
Illegal Access Token. Please try again,Truy cập thông báo bất hợp pháp. Vui lòng thử lại,
Illegal Document Status for {0},Trạng thái tài liệu bất hợp pháp cho {0},
Illegal SQL Query,Truy vấn SQL bất hợp pháp,
Image field must be a valid fieldname,trường hình ảnh phải là một trường tên hợp lệ,
Image field must be of type Attach Image,trường hình ảnh phải được loại Đính kèm hình ảnh,
Image Field,hình ảnh Dòng,
Image Link,Liên kết hình ảnh,
Image View,Xem hình ảnh,
Image,Hình,
Images,Hình ảnh,
Implicit,ngầm,
Import Data from CSV / Excel files.,Nhập dữ liệu từ tệp CSV / Excel.,
Import Data,Nhập dữ liệu,
Import Email From,Nhập Email Từ,
Import File Errors and Warnings,Nhập lỗi và cảnh báo tệp,
Import File,Nhập tệp,
Import from Google Sheets,Nhập từ Google Trang tính,
Import Log Preview,Nhập nhật ký xem trước,
Import Log,Nhập khẩu Đăng nhập,
Import Preview,Xem trước nhập,
Import Progress,Tiến độ nhập khẩu,
Import Status,Trạng thái nhập,
Import Subscribers,Nhập vào những người đăng ký,
Import template should contain a Header and atleast one row.,Mẫu nhập phải chứa một Tiêu đề và ít nhất một hàng.,
Import Type,Loại nhập khẩu,
Import Warnings,Cảnh báo nhập khẩu,
Import Zip,Nhập Zip,
Import,Nhập khẩu,
Important,Quan trọng,
Importing {0} of {1},Nhập {0} trong số {1},
In Days,Trong ngày,
In Filter,Bộ lọc trong,
In Global Search,Trong Tìm kiếm Toàn cầu,
In Grid View,Trong tầm nhìn mạng lưới,
In Hours,Trong các giờ,
In List View,Trong xem danh sách,
in minutes,trong vài phút,
In points. Default is 9.,Trong điểm. Mặc định là 9.,
In Preview,Trong bản xem trước,
In Progress,Trong tiến trình,
In Reply To,Trong Phản hồi tới,
In seconds,Trong vài giây,
In Standard Filter,Trong tiêu chuẩn bộ lọc,
In Valid Request,Yêu cầu không hợp lệ,
In,Trong,
Inactive,Không hoạt động,
Inbox User,Người dùng hộp thư đến,
Inbox,Hộp thư đến,
Include Attachments,Bao gồm các tệp đính kèm,
Include indentation,Bao gồm thụt,
Include Search in Top Bar,Bao gồm tìm kiếm trong thanh trên cùng,
Include Theme from Apps,Bao gồm Chủ đề từ Ứng dụng,
Include Web View Link in Email,Gửi tài liệu liên kết Web View trong email,
Incoming Change,Thay đổi sắp tới,
Incoming email account not correct,địa chỉ email gửi đến không chính xác,
Incomplete login details,Chi tiết đăng nhập không đầy đủ,
Incorrect Configuration,Cấu hình không chính xác,
Incorrect email or password. Please check your login credentials.,Email hoặc mật khẩu không chính xác. Vui lòng kiểm tra thông tin đăng nhập của bạn.,
Incorrect URL,URL không chính xác,
Incorrect User or Password,Người dùng hoặc mật khẩu không chính xác,
Incorrect value in row {0}: {1} must be {2} {3},Giá trị không chính xác trong hàng {0}: {1} phải {2} {3},
Incorrect value: {0} must be {1} {2},Giá trị không đúng: {0} phải {1} {2},
Incorrect Verification code,Mã xác minh không chính xác,
indent-left,thụt lề trái,
indent-right,thụt lề bên phải,
Index Web Pages for Search,Lập chỉ mục các trang web cho tìm kiếm,
Index,Mục lục,
Indexing Authorization Code,Mã ủy quyền lập chỉ mục,
Indexing Refresh Token,Mã làm mới lập chỉ mục,
Indicator,chỉ số,
Industry Type ID,ID loại ngành,
info-sign,thông tin-dấu,
Info,Thông tin,
Info:,Thông tin:,
Initial Sync Count,Tính toán đồng bộ ban đầu,
InnoDB,InnoDB,
Insert Above,Chèn lên trên,
Insert After cannot be set as {0},Chèn Sau khi không thể được thiết lập như là {0},
Insert After,Chèn sau,
Insert Below,Chèn phía dưới,
Insert Column Before {0},Chèn Cột Trước {0},
Insert new records,Chèn hồ sơ mới,
Insert Style,Chèn phong cách,
Insert,Chèn,
Installed Application,Ứng dụng đã cài đặt,
Installed Applications,Các ứng dụng đã cài đặt,
Instructions Emailed,Hướng dẫn Gửi email,
Instructors,Giảng viên,
Insufficient Permission for {0},Không đủ quyền cho {0},
Int,Int,
Integration Request Service,Yêu cầu dịch vụ tích hợp,
Integration Request,tích hợp Yêu cầu,
Integration Type,Loại tích hợp,
Integrations can use this field to set email delivery status,Tích hợp có thể sử dụng trường này để thiết lập tình trạng giao hàng email,
Integrations,Tích hợp,
Interest,Sở thích,
Interests,Sở thích,
Intermediate,Trung gian,
Internal record of document shares,Bản ghi nội bộ cổ phần của tài liệu,
Internal Server Error,Lỗi máy chủ nội bộ,
Introduce your company to the website visitor.,Giới thiệu công ty của bạn tới người truy cập website.,
Introduction,Giới thiệu chung,
Introductory information for the Contact Us Page,Thông tin giới thiệu cho Trang Liên hệ,
Invalid {0} condition,Điều kiện không hợp lệ {0},
Invalid Access Key ID or Secret Access Key.,ID truy cập không hợp lệ hoặc khóa truy cập bí mật.,
Invalid Account SID or Auth Token.,SID tài khoản hoặc Mã xác thực không hợp lệ.,
Invalid column,Cột không hợp lệ,
Invalid Credentials,Thông tin không hợp lệ,
Invalid CSV Format,Định dạng CSV không hợp lệ,
Invalid Date,Ngày không hợp lệ,
Invalid expression set in filter {0} ({1}),Biểu thức không hợp lệ được đặt trong bộ lọc {0} ({1}),
Invalid expression set in filter {0},Tập hợp biểu thức không hợp lệ trong bộ lọc {0},
Invalid field name {0},Tên trường không hợp lệ {0},
Invalid field name: {0},Tên trường không hợp lệ: {0},
Invalid fieldname '{0}' in autoname,tên trường không hợp lệ '{0}' trong tên tự động,
Invalid file path: {0},Đường dẫn tập tin không hợp lệ: {0},
Invalid file URL. Please contact System Administrator.,URL tệp không hợp lệ. Vui lòng liên hệ với Quản trị viên hệ thống.,
Invalid Filter Value,Giá trị bộ lọc không hợp lệ,
Invalid filter: {0},Bộ lọc không hợp lệ: {0},
Invalid Home Page,Trang chủ không hợp lệ,
Invalid include path,Đường dẫn bao gồm không hợp lệ,
Invalid json added in the custom options: {0},Đã thêm json không hợp lệ vào các tùy chọn tùy chỉnh: {0},
Invalid JSON in card links for {0},JSON không hợp lệ trong liên kết thẻ cho {0},
Invalid JSON,JSON không hợp lệ,
Invalid Link,Liên kết không hợp lệ,
Invalid login or password,Đăng nhập hoặc mật khẩu không hợp lệ,
Invalid Login Token,Đăng nhập vào thông báo không hợp lệ,
Invalid Login. Try again.,Đăng nhập không hợp lệ. Thử lại.,
Invalid Mail Server. Please rectify and try again.,Server Mail không hợp lệ. Xin khắc phục và thử lại.,
Invalid module path,Đường dẫn module không hợp lệ,
Invalid naming series (. missing),Loạt đặt tên không hợp lệ (. Mất tích),
Invalid Option,Tùy chọn không hợp lệ,
Invalid or corrupted content for import,Nội dung không hợp lệ hoặc bị hỏng để nhập,
Invalid Outgoing Mail Server or Port,Mail server đầu ra không hợp lệ hoặc Cảng tàu,
Invalid Output Format,Định dạng đầu ra không hợp lệ,
Invalid Password,Mật khẩu không hợp lệ,
Invalid Password:,Mật khẩu không hợp lệ:,
Invalid payment gateway credentials,chứng thư cổng thanh toán không hợp lệ,
Invalid recipient address,Địa chỉ người nhận không hợp lệ,
Invalid Request,yêu cầu không hợp lệ,
Invalid Search Field {0},Trường tìm kiếm không hợp lệ {0},
Invalid Subscription,Đăng ký không hợp lệ,
Invalid template file for import,Tệp mẫu không hợp lệ để nhập,
Invalid Token,Mã không hợp lệ,
Invalid URL,URL không hợp lệ,
Invalid User Name or Support Password. Please rectify and try again.,Tên tài khoản không hợp lệ hoặc Hỗ trợ mật khẩu. Xin khắc phục và thử lại.,
Invalid username or password,Sai username hoặc password,
Invalid,không hợp lệ,
Inverse,Đảo ngược,
Invite as User,Mời như tài,
IP Address,Địa chỉ IP,
Is Active,Là hoạt động,
Is Attachments Folder,Là thư mục đính kèm,
Is Billing Contact,Là liên hệ thanh toán,
Is Child Table,Là bảng con,
Is Complete,Hoàn tất,
Is Completed,Đã được hoàn thành,
Is Custom Field,Là Trường Tuỳ chỉnh,
Is Default,Mặc định là,
Is First Startup,Là lần đầu tiên khởi động,
Is Folder,Là thư mục,
Is Global,Là toàn cầu,
Is Globally Pinned,Được gắn trên toàn cầu,
Is Home Folder,Là thư mục gốc,
Is Mandatory Field,là Trường bắt buộc,
Is Optional State,Là nhà nước tùy chọn,
Is Pinned,Được ghim,
Is Primary Contact,Là Liên hệ Chính,
Is Primary Mobile,Là thiết bị di động chính,
Is Primary Phone,Là điện thoại chính,
Is Primary,Là chính,
Is Private,Là bí mật,
Is Public,Công khai,
Is Published Field must be a valid fieldname,Trường được công khai phải là một tên trường hợp lệ,
Is Published Field,Được đăng Dòng,
Is Single,Là Đơn,
Is Skipped,Bị bỏ qua,
Is Spam,là Spam,
Is Standard,Là tiêu chuẩn,
Is Submittable,CÓ thể đệ trình,
Is Table,là Bảng,
Is Tree,Là cây,
Is Unique,Là duy nhất,
Is Your Company Address,Là Địa chỉ công ty của bạn,
Is,Là,
It is risky to delete this file: {0}. Please contact your System Manager.,Có rủi ro khi xóa tập tin này: {0}. Vui lòng liên hệ Quản lý Hệ thống của bạn.,
italic,nghiêng,
Item cannot be added to its own descendants,Mẫu hàng không thể được thêm vào các phần sau của mình,
Item Label,Nhãn hàng,
Item Type,Loại sản phẩm,
Jammu and Kashmir,Jammu và Kashmir,
JavaScript Format: frappe.query_reports['REPORTNAME'] = {},Định dạng JavaScript: frappe.query_reports ['REPORTNAME'] = {},
Javascript is disabled on your browser,Javascript bị vô hiệu hóa trên trình duyệt của bạn,
Javascript to append to the head section of the page.,Javascript để nối thêm vào phần đầu của trang.,
JavaScript,JavaScript,
Jharkhand,Jharkhand,
Jinja,Jinja,
Job,Việc làm,
Jobs,Công việc,
John Doe,John Doe,
john@doe.com,john@doe.com,
JS,JS,
JSON Request Body,Phần thân yêu cầu JSON,
JSON,JSON,
Jump to field,Nhảy đến trường,
just now,vừa mới đây,
Kanban Board Column,Cột Kanban,
Kanban Board Name,Tên bảng Kanban,
Kanban Board,Kanban Board,
Kanban,Kanban,
Karma,Karma,
Karnataka,Karnataka,
Keep track of all update feeds,Theo dõi tất cả nguồn cấp dữ liệu cập nhật,
Keeps track of all communications,Theo dõi tất cả các thông tin liên lạc,
Kerala,Kerala,
Key,Chính,
Keyboard Shortcuts,Các phím tắt bàn phím,
Knowledge Base Contributor,Người đóng góp kiến thức cơ bản,
Knowledge Base Editor,Người biên tập kiến thức nền,
Knowledge Base,Kiến thức cơ bản,
Label and Type,Nhãn và Loại,
Label Help,Nhãn Trợ giúp,
Label is mandatory,Nhãn là bắt buộc,
Label,Nhãn,
Lakshadweep Islands,Quần đảo Lakshadweep,
Landing Page,Trang hạ cánh,
Landscape,Phong cảnh,
Language Code,Mã ngôn ngữ,
Language Name,Tên ngôn ngữ,
Language,Ngôn ngữ,
Last Active,Hoạt động cuối,
Last Backup On,Lần sao lưu cuối cùng,
Last Deployed On,Được triển khai lần cuối vào ngày,
Last Execution,Thi hành lần cuối,
Last IP,IP cuối cùng,
Last Known Versions,Các phiên bản được biết tới cuối cùng,
Last Login,Lần Đăng nhập Cuối,
Last Message,Tin nhắn cuối cùng,
Last Modified By,Sửa đổi lần cuối bởi,
Last Modified Date,Ngày sửa đổi lần cuối,
Last Modified On,Sửa đổi lần cuối vào,
Last Month,Tháng trước,
Last Name,Tên,
Last Password Reset Date,Ngày đặt lại mật khẩu lần cuối,
Last Point Allocation Date,Ngày phân bổ điểm cuối,
Last Quarter,Quý cuối cùng,
Last refreshed,Làm mới lần cuối,
Last Sync On,Đồng bộ lần cuối cùng,
Last synced {0},Đã đồng bộ hóa lần cuối {0},
Last Synced On,Đã đồng bộ hóa lần cuối,
Last Update,Cập nhật cuối cùng,
Last Updated By,Cập nhật lần cuối bởi,
Last Updated On,Lần cập nhật cuối vào,
Last User,Người dùng cuối,
Last Week,Tuần trước,
Last Year,Năm ngoái,
Last,Cuối cùng,
LDAP Email Field,Trường Email LDAP,
LDAP First Name Field,Tên trường LDAP đầu tiên,
LDAP Group Field,Lĩnh vực nhóm LDAP,
LDAP Group Mapping,Ánh xạ nhóm LDAP,
LDAP Group Mappings,Ánh xạ nhóm LDAP,
LDAP Group,Nhóm LDAP,
LDAP is not enabled.,LDAP không được kích hoạt.,
LDAP Last Name Field,Trường Tên cuối cùng của LDAP,
LDAP Middle Name Field,Trường tên đệm LDAP,
LDAP Mobile Field,Lĩnh vực di động LDAP,
LDAP Not Installed,LDAP không được cài đặt,
LDAP Phone Field,Trường điện thoại LDAP,
LDAP Search String,Dãy tìm kiếm LDAP,
LDAP Security,Bảo mật LDAP,
LDAP Server Url,LDAP Server Url,
LDAP Settings,Cài đặt LDAP,
LDAP User Creation and Mapping,Lập bản đồ và tạo người dùng LDAP,
LDAP Username Field,Trường tên người dùng LDAP,
Lead Conversion Time,Thời gian chuyển đổi khách hàng tiềm năng,
Leaderboard,Bảng thành tích,
leaf,lá,
Leave a Comment,Để lại một bình luận,
Leave blank to repeat always,Để trống để lặp lại luôn luôn,
Leave this conversation,Để lại cuộc trò chuyện này,
Left this conversation,Còn lại cuộc trò chuyện này,
Left,Trái,
Length of {0} should be between 1 and 1000,Chiều dài của {0} nên nằm trong khoảng từ 1 đến 1000,
Length,Chiều dài,
Less,Ít hơn,
Lesson,Bài học,
Lessons,Bài học,
Let's avoid repeated words and characters,Hãy tránh những từ và ký tự lặp đi lặp lại,
Let's Get Started,Bắt đầu nào,
Let's prepare the system for first use.,Hãy chuẩn bị hệ thống để sử dụng đầu tiên.,
Let's take you back to onboarding,Hãy đưa bạn trở lại giới thiệu,
Letter Head Based On,Đầu thư dựa trên,
Letter Head Image,Hình ảnh đầu thư,
Letter Head in HTML,Tiêu đề trang HTML,
Letter Head Name,Tên tiêu đề trang,
Letter Head,Tiêu đề trang,
Letter,Chữ,
Level Name,Tên cấp,
Level,Mức độ,
Levels,Cấp độ,
License,bằng,
Light Color,Màu sáng,
lightblue,xanh nhẹ,
Like,Giống,
like,Thích,
Liked by {0},đã thích bởi {0},
Liked By,đã thích bởi,
Liked,đã thích,
Likes,các lượt thích,
Limit Number of DB Backups,Giới hạn số lượng bản sao lưu DB,
Limit,Giới hạn,
Line,Hàng,
Link Cards,Thẻ liên kết,
Link DocType,liên kết kiểu văn bản,
Link Document Type,Loại tài liệu liên kết,
Link Expired,Liên kết đã hết hạn,
Link Fieldname,Tên trường liên kết,
Link Name,tên liên kết,
Link Title,Tiêu đề đường dẫn,
Link to the page you want to open. Leave blank if you want to make it a group parent.,Liên kết với các trang web mà bạn muốn mở. Để trống nếu bạn muốn làm cho nó một nhóm gốc.,
Link To,Liên kết đến,
Link,Liên kết,
Linked Documents,Tài liệu liên kết,
Linked with {0},Liên kết với {0},
Linked With,Liên kết với,
Linked,Liên kết,
linkedin,liên kết,
Links,Liên kết,
List a document type,Liệt kê một loại tài liệu,
List Filter,Lọc danh sách,
List of backups available for download,Danh sách các bản sao lưu có sẵn để tải về,
List of patches executed,Danh sách các bản vá lỗi thực thi,
List of themes for Website.,Danh sách các chủ đề cho Website.,
List Settings,Cài đặt danh sách,
List View Setting,Cài đặt danh sách,
List View Settings,Cài đặt Chế độ xem Danh sách,
list-alt,danh sách-alt,
List,Danh sách,
Live Courses,Khóa học trực tiếp,
Live,Đang diễn ra,
Load Balancing,Cân bằng tải,
Load More,Tải thêm,
Loading Filters...,Đang tải bộ lọc ...,
Loading import file...,Đang tải tệp nhập ...,
Loading,Đang tải,
Loading...,Đang tải...,
Local DocType,DocType cục bộ,
Local Document Type,Loại tài liệu địa phương,
Local Fieldname,Tên trường địa phương,
Local Primary Key,Khóa chính cục bộ,
Locals,Người dân địa phương,
Location,Vị trí,
lock,Khóa,
Log cleanup and notification configuration,Dọn dẹp nhật ký và cấu hình thông báo,
Log Cleanup,Dọn dẹp nhật ký,
Log Data,Đăng nhập dữ liệu,
Log Details,Chi tiết nhật ký,
Log in to access this page.,Đăng nhập để truy cập trang này.,
Log of error during requests.,Đăng nhập của lỗi trong quá trình yêu cầu.,
Log of error on automated events (scheduler).,Lỗi đăng nhập của các sự kiện tự động (người lập trình),
Log of Scheduler Errors,Các lỗi đăng nhập của  người lập trình,
Log Setting User,Người dùng cài đặt nhật ký,
Log Settings,Cài đặt nhật ký,
Log,Đăng nhập,
Logged in as Guest or Administrator,Đăng nhập như khách hoặc Quản trị viên,
Logged in,Đăng nhập,
Logged Out,Đăng suất,
Login After,Sau khi đăng nhập,
Login and view in Browser,Đăng nhập và xem trong Trình duyệt,
Login Before,Trước khi đăng nhập,
Login Id is required,Id đăng nhập là cần thiết,
Login not allowed at this time,Đăng nhập không được phép tại thời điểm này,
Login Required,Đăng nhập được yêu cầu,
Login to comment,Đăng nhập để bình luận,
Login token required,Đăng nhập mã thông báo yêu cầu,
Login Verification Code from {},Mã xác minh đăng nhập từ {},
Login with LDAP,Đăng nhập với LDAP,
Login,Đăng nhập,
Logo Width,Chiều rộng logo,
Logout All Sessions on Password Reset,Đăng xuất Tất cả các phiên khi Đặt lại mật khẩu,
Logout All Sessions,Đăng xuất tất cả các phiên,
Logout From All Devices After Changing Password,Đăng xuất khỏi tất cả các thiết bị sau khi thay đổi mật khẩu,
Logout,Đăng xuất,
Log out,Đăng xuất,
Logs,Các đăng nhập,
Long Text,Tiêu đề dài,
Looks Great,Trông rất tuyệt,
Looks like something is wrong with this site's payment gateway configuration. No payment has been made.,Trông giống như một cái gì đó là sai với cấu hình cổng thanh toán của trang web này. Thanh toán đã không được thực hiện.,
Looks like something is wrong with this site's Paypal configuration.,Có vẻ như có gì đó không ổn với cấu hình Paypal của trang web này.,
Looks like you didn't change the value,Có vẻ như bạn đã không thay đổi giá trị,
Low,Thấp,
m,m,Minutes (Field: Duration)
Madam,Bà,
Madhya Pradesh,Madhya Pradesh,
magnet,nam châm,
Maharashtra,Maharashtra,
Main Section (HTML),Phần chính (HTML),
Main Section (Markdown),Phần chính (Markdown),
Main Section,Mục chính,
Maintains a log of every event consumed along with the status of the sync and a Resync button in case sync fails.,Duy trì nhật ký của mọi sự kiện được sử dụng cùng với trạng thái đồng bộ hóa và nút Resync trong trường hợp đồng bộ hóa không thành công.,
Maintenance Manager,Quản lý bảo trì,
Maintenance User,Bảo trì tài khoản,
Make {0},Tạo {0},
Make all attachments private,Làm cho tất cả các tệp đính kèm riêng tư,
Make use of longer keyboard patterns,Sử dụng các mẫu bàn phím lâu dài hơn,
Makes the page public,Đặt trang ở chế độ công khai,
Male,Nam,
Manage the course,Quản lý khóa học,
Manage third party apps,Quản lý ứng dụng bên thứ ba,
Manage Third Party Apps,Quản lý ứng dụng của bên thứ ba,
Manage your apps,Quản lý ứng dụng của bạn,
Manage your courses and batches at a glance,Quản lý các khóa học và khóa học con của bạn trong nháy mắt,
Mandatory Depends On,Bắt buộc phụ thuộc vào,
Mandatory field: {0},lĩnh vực bắt buộc: {0},
Mandatory field: set role for,lĩnh vực bắt buộc: thiết lập vai trò cho,
Mandatory fields required in {0},Trường bắt buộc là cần thiết trong {0},
Mandatory Information missing:,Thông tin bắt buộc đang bị mất,
Mandatory,Bắt buộc,
Mandatory:,Bắt buộc:,
Manipur,Manipur,
Map columns from {0} to fields in {1},Ánh xạ các cột từ {0} đến các trường trong {1},
Map Columns,Cột bản đồ,
Map route parameters into form variables. Example <code>/project/&lt;name&gt;</code>,Ánh xạ các tham số tuyến thành các biến dạng. Ví dụ <code>/project/&lt;name&gt;</code>,
map-marker,đánh dấu bản đồ,
Mapping column {0} to field {1},Cột ánh xạ {0} đến trường {1},
Mapping Name,Tên lập bản đồ,
Mapping Type,Loại bản đồ,
Mapping,Lập bản đồ,
Mappings,Ánh xạ,
Mark all as Read,Đánh dấu tất cả như đã đọc,
Mark as complete on moving to the next lesson,Đánh dấu hoàn thành khi chuyển sang bài học tiếp theo,
Mark as Complete,Đánh dấu hoàn thành,
Mark as Incomplete,Đánh dấu chưa hoàn thành,
Mark as Read,Đánh dấu là đã đọc,
Mark as Spam,Đánh dấu spam,
Mark as Unread,Đánh dấu là chưa đọc,
Markdown Editor,Biên tập Markdown,
Markdown,Markdown,
Marked As Spam,Đánh dấu là spam,
Max 500 records at a time,Max 500 hồ sơ tại một thời điểm,
Max Attachment Size (in MB),Max Size Attachment (tính bằng MB),
Max Attachments,Max File đính kèm,
Max Length,Độ dài tối đa,
Max Value,Giá trị tối đa,
Max width for type Currency is 100px in row {0},Tối đa chiều rộng cho các loại tiền tệ là 100px trong hàng {0},
Maximum {0} rows allowed,Tối đa {0} hàng cho phép,
Maximum Attachment Limit for this record reached.,Giới hạn tối đa cho tập tin đính kèm hồ sơ này đạt.,
Maximum Number of Fields,Số lượng trường tối đa,
Maximum points allowed after multiplying points with the multiplier value\n(Note: For no limit leave this field empty or set 0),"Điểm tối đa được phép sau khi nhân điểm với giá trị số nhân (Lưu ý: Không giới hạn, hãy để trống trường này hoặc đặt 0)",
Maximum Points,Điểm tối đa,
Maximum,Tối đa,
me-south-1,me-nam-1,
Me,Tôi,
Medium,Trung bình,
Meeting,Gặp gỡ,
Meghalaya,Meghalaya,
Mention transaction completion page URL,Đề cập đến giao dịch URL trang hoàn thành,
Mention,Đề cập,
Mentions,Đề cập,
Menu,Menu,
Merchant ID,ID người bán,
Merchant Key,Khóa người bán,
Merge with existing,Kết hợp với hiện tại,
merged {0} into {1},sáp nhập {0} vào {1},
Merging is only possible between Group-to-Group or Leaf Node-to-Leaf Node,Sáp nhập chỉ có thể giữa nhóm - tới - nhóm hoặc nút lá - tới - nút lá,
Message (HTML),Tin nhắn (HTML),
Message (Markdown),Tin nhắn (Markdown),
Message clipped,Tin nhắn bị cắt,
Message Count,Số lượng tin nhắn,
Message Examples,Ví dụ tin nhắn,
Message from server: {0},Thông báo từ máy chủ: {0},
Message ID,tin ID,
Message not setup,Tin nhắn không được thiết lập,
Message Parameter,Thông số tin nhắn,
Message Preview,Xem trước tin nhắn,
Message to be displayed on successful completion (only for Guest users),Thông báo được hiển thị khi hoàn thành thành công (chỉ dành cho Người dùng Khách),
Message-id,Tin nhắn - tài khoản,
Message,Thông điệp,
message,Tin nhắn,
Meta Description,Mô tả meta,
Meta Image,Hình ảnh meta,
Meta Keywords,Từ khóa meta,
Meta Tags,Thẻ meta,
Meta title for SEO,Tiêu đề meta cho SEO,
Meta Title,Tiêu đề meta,
Method,Phương pháp,
Middle Name (Optional),Tên đệm (bắt buộc),
Middle Name,Tên đệm,
Migration ID Field,Trường ID di chuyển,
Milestone Tracker,Theo dõi cột mốc,
Milestone,Sự kiện quan trọng,
Minimum Password Score,Điểm số Mật khẩu Tối thiểu,
Minimum,Tối thiểu,
minus-sign,dấu trừ,
minus,trừ,
Miss,Bỏ qua,
Missing Fields,Thiếu trường,
Missing parameter Kanban Board Name,Thiếu tham số Tên Kanban Tên,
Missing parameters for login,Tham số thiếu để đăng nhập,
Missing Values Required,Giá trị khuyết bắt buộc,
Mizoram,Mizoram,
mm-dd-yyyy,mm-dd-yyyy,
mm/dd/yyyy,dd / mm / yyyy,
Mobile No,Số Điện thoại di động,
Mobile number,Số điện thoại,
Models (building blocks) of the Application,Các hình mẫu  (khối xây dựng) của các ứng dụng,
Modified By,Được thay đổi bởi,
Module Def,Mô-đun Def,
Module Name,Tên mô-đun,
module name...,Tên mô-đun ...,
Module Not Found,Không tìm thấy mô-đun,
Module Onboarding,Giới thiệu mô-đun,
Module Path,Đường dẫn Module,
Module to Export,Mô- đun để xuất khẩu,
Module,Mô-đun,
Modules HTML,HTML các mô đun,
Modules,các mô đun,
Monday,Thứ Hai,
Monospace,đơn cách,
Month,Tháng,
Monthly Long,Hàng tháng dài,
Monthly Rank:,Xếp hạng hàng tháng:,
Monthly,Hàng tháng,
More articles on {0},Xem thêm bài viết về {0},
More content for the bottom of the page.,Nhiều nội dung cho dưới cùng của trang.,
More Information,Thêm thông tin,
More,Thêm,
Most Used,Được dùng nhiều nhất,
Move to Row Number,Di chuyển đến số hàng,
Move To Trash,Di chuyển vào thùng rác,
Move To,Chuyển tới,
Move,Di chuyển,
Mr,Ngài,
Mrs,Cô,
Ms,Cô,
Multiple root nodes not allowed.,Nhiều nút gốc không được phép.,
Multiplier Field,Lĩnh vực đa nhân,
music,Âm nhạc,
Must be a publicly accessible Google Sheets URL,Phải là URL Google Trang tính có thể truy cập công khai,
Must have report permission to access this report.,Phải có sự cho phép báo cáo để truy cập báo cáo này.,
Must specify a Query to run,Phải xác định một truy vấn để chạy,
Mute Sounds,tắt tiếng,
Mx,Mx,
My Account,Tài Khoản Của Tôi,
My Profile,Hồ sơ của tôi,
MyISAM,MyISAM,
Nagaland,Nagaland,
Name cannot contain special characters like {0},Tên không thể chứa các ký tự đặc biệt như {0},
Name Case,Tên trường hợp,
Name not set via prompt,Tên được không thiết lập thông qua kỳ hạn,
Name of {0} cannot be {1},Tên của {0} không thể là {1},
Name of the Document Type (DocType) you want this field to be linked to. e.g. Customer,Tên của các loại tài liệu (DocType) mà bạn muốn trường này được liên kết đến. ví dụ như khách hàng,
Name of the new Print Format,Tên của Format In mới,
Name,Tên,
Names and surnames by themselves are easy to guess.,Họ và tên dễ đoán,
Naming Series mandatory,Đặt tên series bắt buộc,
Naming Series,Đặt tên series,
Naming,Đặt tên,
Navbar Item,Mục trên thanh điều hướng,
Navbar Settings,Cài đặt thanh điều hướng,
Navbar Template Values,Giá trị mẫu của thanh điều hướng,
Navbar Template,Mẫu Navbar,
Navbar,Thanh điều hướng,
Navigate Home,Điều hướng về nhà,
Navigate list down,Điều hướng danh sách xuống,
Navigate list up,Điều hướng danh sách lên,
Negative Value,Giá trị âm,
Nested set error. Please contact the Administrator.,Lỗi bộ lồng nhau. Xin vui lòng liên hệ với Quản trị viên.,
New {} releases for the following apps are available,Đã có bản phát hành {} mới cho các ứng dụng sau,
New {0} {1} added to Dashboard {2},{0} {1} mới được thêm vào Trang tổng quan {2},
New {0} {1} created,{0} {1} mới được tạo,
New {0} Created,Mới {0} được tạo,
New {0},Mới {0},
New {0}: {1},Mới {0}: {1},
New Activity,Hoạt động mới,
New Address,Địa chỉ mới,
New Chart,Biểu đồ mới,
New Chat,Cuộc trò truyện mới,
New Comment on {0}: {1},Nhận xét mới về {0}: {1},
New Connection,Kết nối mới,
New Contact,Liên hệ Mới,
New Course,Khóa học mới,
New Custom Print Format,Định dạng in mặc định mới,
New data will be inserted.,Dữ liệu mới sẽ được chèn vào.,
New Document Shared {0},Tài liệu Mới được Chia sẻ {0},
New Email Account,Tài khoản Email mới,
New Email,Email mới,
New Event,Sự kiện mới,
New Folder,Thư mục mới,
New Kanban Board,Bảng Kanban Mới,
New Mention on {0},Đề cập mới về {0},
New Message from Website Contact Page,Tin nhắn mới từ Website liên hệ trang,
New module created {0},Mô-đun mới đã được tạo {0},
New Name,Tên mới,
New Newsletter,Bản tin,
New Notification,Thông báo mới,
New Number Card,Thẻ số mới,
New Password Required.,Mật khẩu mới được yêu cầu,
New Password,Mật khẩu mới,
New Print Format Name,Tên định dạng in mới,
New Report name,Tên báo cáo mới,
New Shortcut,Lối tắt mới,
new type of document,loại tài liệu mới,
New updates are available,Những cập nhật mới đã có hiệu lực,
New value to be set,Giá trị mới được thiết lập,
New Value,Giá trị mới,
New,Mới,
Newsletter Email Group,Bản tin Email Nhóm,
Newsletter has already been sent,Bản tin đã được gửi đi,
Newsletter Manager,Quản lý bản tin,
Newsletter should have at least one recipient,Bản tin phải có ít nhất một người nhận,
Newsletter should have atleast one recipient,Bản tin nên có ít nhất một người nhận,
Newsletter,Đăng ký nhận bản tin,
Newsletters,Bản tin,
Next Action Email Template,Mẫu email hành động tiếp theo,
Next Actions HTML,HTML hành động tiếp theo,
Next actions,Hành động tiếp theo,
Next Schedule Date,Ngày Lịch kế tiếp,
Next Scheduled Date,Ngày theo lịch tiếp theo,
Next State,TÌnh trạng kế tiếp,
Next Sync Token,Mã thông báo đồng bộ hóa tiếp theo,
Next,Tiếp theo,
No {0} found,Không tìm thấy {0},
No {0} mail,Không {0} mail,
No {0} permission,Không {0} quyền hạn,
No access to this document,Không có quyền truy cập vào tài liệu này,
No action specified,Không có hành động nào được chỉ định,
No Active Sessions,Không có Phiên tích cực,
No activity yet,Chưa có hoạt động nào,
No activity,Không hoạt động,
No address added yet.,Chưa có địa chỉ nào được bổ sung.,
No alerts for today,Không có cảnh báo cho ngày hôm nay,
No apps installed,Không có ứng dụng nào được cài đặt,
No changes in document,Không có thay đổi trong tài liệu,
No Classes,Không có lớp học,
No comments yet,Chưa có bình luận nào,
No comments yet. Start a new discussion.,Chưa có bình luận nào. Bắt đầu một cuộc thảo luận mới.,
No conditions provided,Không có điều kiện cung cấp,
No contacts added yet.,Chưa có liên hệ nào được bổ sung.,
No contacts linked to document,Không có liên hệ liên kết đến tài liệu,
No Copy,Không có bản sao chép,
No courses created,Chưa tạo khóa học,
No courses,Chưa có khóa học,
No data found in the file. Please reattach the new file with data.,Không tìm thấy dữ liệu trong tệp. Vui lòng đóng lại tệp mới bằng dữ liệu.,
No data to export,Không có dữ liệu để xuất,
No Data to Show,Không có dữ liệu để hiển thị,
No Data,Không có dữ liệu,
No default Address Template found. Please create a new one from Setup > Printing and Branding > Address Template.,Không tìm thấy mẫu địa chỉ mặc định. Vui lòng tạo một cái mới từ Cài đặt&gt; In và Nhãn hiệu&gt; Mẫu địa chỉ.,
No document found for given filters,Không có tài liệu nào được tìm thấy cho bộ lọc có sẵn,
No documents found tagged with {0},Không tìm thấy tài liệu nào được gắn thẻ {0},
No email account associated with the User. Please add an account under User > Email Inbox.,Không có tài khoản email liên quan đến Người dùng. Vui lòng thêm một tài khoản trong Người dùng&gt; Hộp thư đến Email.,
No Email Account,Không có tài khoản email,
No Email Accounts Assigned,Không có tài khoản email được chỉ định,
No Emails,không có  email,
No Entry for the User {0} found within LDAP!,Không tìm thấy mục nhập nào cho người dùng {0} trong LDAP!,
No Events Today,Không có sự kiện hôm nay,
no failed attempts,Không có cố gắng nào thất bại,
No failed logs,Không có nhật ký thất bại,
No file attached,Không có tập tin đính kèm,
No filters found,Không tìm thấy bộ lọc,
No Filters Set,Không có bộ lọc,
No further records,Không có bản ghi nào khác,
No Google Calendar Event to sync.,Không có sự kiện Lịch Google để đồng bộ hóa.,
No Items Found,Không tìm thấy mục nào,
No items found.,Không tìm thấy vật nào.,
No Label,Không nhãn hiệu,
No Labels Found,Không tìm thấy nhãn,
No LDAP User found for email: {0},Không tìm thấy Người dùng LDAP cho email: {0},
No Live Courses,Không có khóa học trực tuyến,
No matching records. Search something new,Không có bản ghi phù hợp. Hãy kiếm bản khác.,
No More Activity,Không còn hoạt động,
No more items to display,Không còn mục nào để hiển thị,
No more posts,Không có thêm bài viết,
No Name Specified for {0},Không có tên được chỉ định cho {0},
No new Google Contacts synced.,Không có Danh bạ Google mới được đồng bộ hóa.,
No of Columns,Số các cột,
No of emails remaining to be synced,Số các email để đồng bộ hóa,
No of Rows (Max 500),Số của các Hàng (Tối đa 500),
No pending or current jobs for this site,Không có công việc đang chờ xử lý hoặc hiện tại cho trang web này,
No permission for {0},Không quyền hạn cho {0},
No permission to '{0}' {1},Không có quyền tới  '{0}' {1},
No permission to {0} {1} {2},Không có quyền tới {0} {1} {2},
No permission to read {0},Không cho phép đọc {0},
No Permissions set for this criteria.,Quyền không thiết lập cho các tiêu chí này.,
No Permissions Specified,Không quyền hạn nào được xác định,
No Permitted Charts on this Dashboard,Không có Biểu đồ được phép trên Trang tổng quan này,
No Permitted Charts,Không có biểu đồ được phép,
No posts yet,Chưa có bài viết nào,
No Preview Available,Không có xem trước,
No Preview,Không có xem trước,
No Printer is Available.,Không có máy in có sẵn.,
No Records Created,Không có hồ sơ được tạo,
No records deleted,Không có hồ sơ bị xóa,
No Records Found,Không tìm thấy hồ sơ,
No records present in {0},Không có hồ sơ nào trong {0},
No records tagged.,Không có bản ghi được gắn thẻ.,
No records will be exported,Không có hồ sơ sẽ được xuất khẩu,
No results found for {0} in Global Search,Không tìm thấy kết quả nào cho {0} trong Tìm kiếm toàn cầu,
No Results Found,Không tìm thấy kết quả,
No Results,Không có kết quả,
No Such File or Directory,Tệp hoặc thư mục như vậy không tồn tại,
No Such File: {0},Không có tệp như vậy: {0},
No Such Method,{0} Không có phương pháp như vậy,
No Such User,Không có người dùng như vậy,
No Tags,không Thẻ,
No template found at path: {0},Không có mẫu tìm thấy tại đường : {0},
No Upcoming Events,Không có sự kiện sắp tới,
No Updates,Không có cập nhật,
No user found,Không tìm thấy người dùng,
No values to show,Không có giá trị để hiển thị,
No Web Page Found,Không tìm thấy trang web,
No,Không,
Non Negative,Không phủ định,
Non-Conforming,Không phù hợp,
none of,không có,
None,không ai,
None: End of Workflow,Không: Kết thúc quy trình làm việc,
Not a valid Comma Separated Value (CSV File),Không phải là một giá trị định giới bằng dấu phẩy (CSV file),
Not a valid DocType view:,Không phải là chế độ xem DocType hợp lệ:,
Not a valid User Image.,Không phải hình ảnh người dùng hợp lệ.,
Not a valid user,Không phải là một người dùng hợp lệ,
Not a valid Workflow Action,Không phải là hành động quy trình làm việc hợp lệ,
Not a zip file,Không phải là một tập tin zip,
Not active,Không hoạt động,
Not allowed for {0}: {1},Không được phép cho {0}: {1},
Not allowed to change {0} after submission,Không được phép thay đổi {0} sau khi nộp,
Not allowed to Import,Không được phép nhập khẩu,
Not allowed to print cancelled documents,Không được phép để in tài liệu hủy,
Not allowed to print draft documents,Không được phép in dự thảo văn bản,
Not Allowed,Không được phép,
Not Allowed: Disabled User,Không được phép: Người dùng bị vô hiệu,
Not Ancestors Of,Không phải là tổ tiên của,
Not Descendants Of,Không phải hậu duệ của,
Not enough permission to see links,Không có đủ quyền để xem liên kết,
Not Equals,Không bằng,
Not Found,Không tìm thấy,
Not in Developer Mode,Không có trong chế độ nhà phát triển,
Not in Developer Mode! Set in site_config.json or make 'Custom' DocType.,Không có trong chế độ nhà phát triển!Thiết lập trong site_config.json hoặc làm DocType 'Custom'.,
Not In,Không chứa,
Not Like,Không giống,
Not Linked to any record,Không Liên kết với bất kỳ bản ghi nào,
Not permitted to view {0},Không được phép xem {0},
Not Permitted,Không được phép,
Not Published,Không đăng,
Not Saved,Chưa lưu,
Not Seen,Không Nhìn Thấy,
Not Sent,Không gửi,
Not Set,Không đặt,
Note Seen By,Ghi chú đã xem bởi,
Note,Ghi chú,
Note: By default emails for failed backups are sent.,Lưu ý: Theo email mặc định cho các bản sao lưu không thành công được gửi.,
Note: Changing the Page Name will break previous URL to this page.,Lưu ý: Việc thay đổi tên trang sẽ  xóa URL trước đó của trang,
Note: Multiple sessions will be allowed in case of mobile device,Lưu ý: Nhiều phần sẽ được cho phép trong trường hợp của thiết bị di động,
Note:,Chú thích:,
Notes:,Ghi chú:,
Nothing to see here.,Không có gì để xem ở đây.,
Nothing to show,Không có gì để hiển thị,
Nothing to update,Không có gì để cập nhật,
Notification Log,Nhật ký thông báo,
Notification Recipient,Người nhận thông báo,
Notification Settings,Thiết lập thông báo,
Notification Subscribed Document,Tài liệu đăng ký thông báo,
Notification Tones,Âm báo,
Notification,Thông báo,
Notifications and bulk mails will be sent from this outgoing server.,Thông báo và mail số lượng lớn sẽ được gửi từ máy chủ đi,
Notifications Disabled,Thông báo bị vô hiệu hóa,
Notifications,Thông báo,
Notify by Email,Thông báo qua email,
Notify if unreplied for (in mins),Thông báo nếu không trả lời cho (ở phút),
Notify if unreplied,Thông báo nếu không trả lời,
Notify me when available,Thông báo cho tôi khi có sẵn,
Notify Users On Every Login,Thông báo cho người dùng mỗi lần đăng nhập,
Notify users with a popup when they log in,Thông báo cho người sử dụng với một popup khi họ đăng nhập,
Now,Hiện nay,
Number Card Link,Liên kết thẻ số,
Number Card,Thẻ số,
Number Cards,Thẻ số,
Number Format,Định dạng số,
Number of Backups,Số sao lưu,
Number of columns for a field in a Grid (Total Columns in a grid should be less than 11),Số cột cho một trường trong một lưới (Tổng số cột trong một mạng lưới nên được ít hơn 11),
Number of columns for a field in a List View or a Grid (Total Columns should be less than 11),Số cột cho một trường trong một xem danh sách hoặc một lưới (Tổng cột nên được ít hơn 11),
Number of DB backups cannot be less than 1,Số lượng bản sao lưu DB không thể nhỏ hơn 1,
Number of DB Backups,Số lượng bản sao lưu DB,
Number of Groups,Số lượng nhóm,
Number,Con số,
OAuth Authorization Code,OAuth Mã ủy quyền,
OAuth Bearer Token,OAuth Bearer Thông báo,
OAuth Client ID,ID khách hàng OAuth,
OAuth Client,OAuth khách hàng,
OAuth Provider Settings,Cài đặt nhà cung cấp OAuth,
Odisha,Odisha,
of,của,
Off,Tắt,
Office 365,Văn phòng 365,
Office,Văn phòng,
Offline,ẩn,
ok-circle,ok-vòng tròn,
ok-sign,ok-dấu,
ok,ok,
Old Password Required.,Yêu cầu mật khẩu cũ,
Old Password,Mật khẩu cũ,
old_parent,old_parent,
Older backups will be automatically deleted,sao lưu cũ sẽ được tự động xóa,
on_cancel,on_cancel,
on_change,on_change,
on_submit,on_submit,
on_trash,on_trash,
on_update_after_submit,on_update_after_submit,
on_update,on_update,
Onboarding Complete,Hoàn thành giới thiệu,
Onboarding Permission,Quyền tham gia,
Onboarding Step Map,Sơ đồ bước giới thiệu,
Onboarding Step,Bước giới thiệu,
Onboarding,Lên tàu,
One Last Step,Một Bước cuối,
One of,Một trong,
One Time Password (OTP) Registration Code from {},Mã đăng ký Mật khẩu Một Lần (OTP) từ {},
Online,Trực tuyến,
Only {0} emailed reports are allowed per user,Chỉ {0} báo cáo bằng email được phép cho mỗi người dùng,
Only 200 inserts allowed in one request,Chỉ có 200 lần chèn được cho phép trong một yêu cầu,
Only Administrator can delete Email Queue,Chỉ có quản trị có thể xóa hàng chờ email,
Only Administrator can edit,Chỉ có quản trị có thể chỉnh sửa,
Only Administrator can save a standard report. Please rename and save.,Chỉ Quản trị viên có thể lưu một báo cáo tiêu chuẩn. Xin đổi tên và lưu lại.,
Only Administrator is allowed to use Recorder,Chỉ quản trị viên mới được phép sử dụng Trình ghi,
Only Allow Edit For,Cho phép chỉ sửa Đối với,
Only mandatory fields are necessary for new records. You can delete non-mandatory columns if you wish.,Chỉ các trường bắt buộc là cần thiết để làm hồ sơ mới. Bạn có thể xóa các cột không bắt buộc nếu bạn muốn.,
Only one {0} can be set as primary.,Chỉ một {0} có thể được đặt làm chính.,
Only Options allowed for Data field are:,Chỉ các Tùy chọn được phép cho trường Dữ liệu là:,
Only Send Records Updated in Last X Hours,Chỉ gửi bản ghi được cập nhật trong X giờ trước,
Only standard DocTypes are allowed to be customized from Customize Form.,Chỉ các DocTypes tiêu chuẩn mới được phép tùy chỉnh từ Biểu mẫu tùy chỉnh.,
Only users involved in the document are listed,Chỉ người dùng liên quan đến tài liệu được liệt kê,
only.,chẵn,
Oops,Giáo sư,
Oops! Something went wrong,Rất tiếc! Có gì đó không đúng,
Open {0},Mở {0},
Open a dialog with mandatory fields to create a new record quickly,Mở hộp thoại với các trường bắt buộc để tạo bản ghi mới một cách nhanh chóng,
Open a module or tool,Mở một mô-đun hoặc công cụ,
Open Awesomebar,Mở Awesomebar,
Open Chat,Trò chuyện mở,
Open Document,Mở tài liệu,
Open Documents,Tài liệu mở,
Open Help,Mở Trợ giúp,
Open Link,Mở liên kết,
Open list item,Mở danh sách,
Open Network,Mạng mở,
Open Reference Document,Mở tài liệu tham khảo,
Open Settings,Mở cài đặt,
Open Source Applications for the Web,Ứng dụng mã nguồn mở cho Web,
Open Translation,Dịch mở,
Open URL in a New Tab,Mở URL trong một tab mới,
Open your authentication app on your mobile phone.,Mở ứng dụng xác thực của bạn trên điện thoại di động.,
Open,Mở,
Opened,Khai trương,
Operation,Hoạt động,
Operator must be one of {0},Người điều hành phải là một trong {0},
Option {0} for field {1} is not a child table,Tùy chọn {0} cho trường {1} không phải là bảng con,
Option 1,Lựa Chọn 1,
Option 2,Lựa chọn 2,
Option 3,Lựa chọn 3,
Optional: Always send to these ids. Each Email Address on a new row,Tùy chọn: Luôn gửi đến các id. Mỗi địa chỉ email trên một hàng mới,
Optional: The alert will be sent if this expression is true,Tùy chọn: Các cảnh báo sẽ được gửi nếu biểu thức này là đúng sự thật,
Options 'Dynamic Link' type of field must point to another Link Field with options as 'DocType',"Các tùy chọn ""Liên kết động"" của kiểu trường phải nhắm tới một đường dẫn của trường khác với các tùy chọn như là 'Kiểu văn bản'",
Options for {0} must be set before setting the default value.,Các tùy chọn cho {0} phải được đặt trước khi đặt giá trị mặc định.,
Options for select. Each option on a new line.,Các tùy chọn để chọn. Mỗi lựa chọn trên một dòng mới.,
Options Help,Tùy chọn Trợ giúp,
Options not set for link field {0},Tùy chọn không được đặt cho trường liên kết {0},
Options,Tùy chọn,
or attach a,hoặc đính kèm một,
Or login with,Hoặc đăng nhập với,
or,hoặc,
orange,trái cam,
Order,Yêu cầu,
Org History Heading,Org Lịch sử nhóm,
Org History,Org Lịch sử,
Organizational Unit for Users,Đơn vị tổ chức cho người dùng,
Orientation,Sự định hướng,
Original Value,Giá trị ban đầu,
Other Courses,Các khóa học khác,
Other Territory,Lãnh thổ khác,
other,khác,
others,những người khác,
OTP App,Ứng dụng OTP,
OTP Issuer Name,Tên tổ chức OTP,
OTP secret can only be reset by the Administrator.,OTP bí mật chỉ có thể được đặt lại bởi Administrator.,
OTP Secret has been reset. Re-registration will be required on next login.,OTP Secret đã được đặt lại. Đăng ký lại sẽ được yêu cầu vào lần đăng nhập tiếp theo.,
OTP setup using OTP App was not completed. Please contact Administrator.,Thiết lập OTP bằng Ứng dụng OTP chưa hoàn tất. Vui lòng liên hệ với Quản trị viên.,
Outgoing email account not correct,tài khoản email ngoài không chính xác,
Outlook.com,Outlook.com,
Output,Đầu ra,
Overwrite,Ghi đè,
Owner,Chủ sở hữu,
Package Document Type,Loại tài liệu gói,
Package Publish Target,Mục tiêu xuất bản gói,
Package Publish Tool,Công cụ xuất bản gói,
Page {0} of {1},Trang {0} của {1},
Page Builder,Trình tạo trang,
Page Building Blocks,Khối tạo trang,
Page has expired!,Trang đã hết hạn!,
Page HTML,Trang HTML,
Page Length,Độ dài trang,
Page Missing or Moved,Trang bị mất hoặc chuyển,
Page Name,Tên trang,
Page not found,Trang không tìm thấy,
Page Settings,Cài đặt trang,
Page Shortcuts,Phím tắt trang,
Page to show on the website\n,Trang để hiển thị trên các trang web,
Page,Trang,
Pages in Desk (place holders),Các trang trong bàn (giữ chỗ),
Paid Certificate,Trả phí mẫu chứng chỉ,
Paid Course,Khóa học trả phí,
Panel Background Color,Màu nền bảng điều khiển,
Panel Background Image,Hình nền bảng điều khiển,
Panel Text Color,Màu văn bản bảng điều khiển,
Paper Size,Kích thước giấy,
Paragraph,Đoạn văn,
Parameter,Tham số,
Parent Error Snapshot,Lỗi  chụp nhanh gốc,
Parent Field (Tree),Lĩnh vực phụ huynh (Cây),
Parent Field must be a valid fieldname,Trường mẹ phải là tên trường hợp lệ,
Parent is required to get child table data,Cần chọn cha để lấy bảng dữ liệu con,
Parent is the name of the document to which the data will get added to.,Cha mẹ là tên của tài liệu mà dữ liệu sẽ được thêm vào.,
Parent Label,Nhãn gốc,
Parent Table,Bảng tổng,
Parent,Nguồn gốc,
Parity,Parity,
Partial Success,Một phần thành công,
Partially Successful,Thành công một phần,
Participants,Các thành phần đối tượng,
Party GSTIN,GSTIN của Đảng,
Passive,Thụ động,
Password Changed Successfully,Mật khẩu đã được thay đổi thành công,
Password changed successfully.,Đã thay đổi mật khẩu thành công.,
Password for Base DN,Mật khẩu cho cơ sở DN,
Password is required or select Awaiting Password,Mật khẩu là cần thiết hoặc chọn Đang chờ mật khẩu,
Password not found,Mật khẩu không tìm thấy,
Password reset instructions have been sent to your email,Hướng dẫn đặt lại mật khẩu đã được gửi đến email của bạn,
Password Reset Link Generation Limit,Đặt lại mật khẩu Giới hạn tạo liên kết,
Password Reset Successful,Đặt lại mật khẩu thành công,
Password Reset,Đặt lại mật khẩu,
Password Updated,Cập nhật mật khẩu,
Password, Mật khẩu,
Password,Mật khẩu,
Passwords do not match!,Mật khẩu không phù hợp!,
Paste the youtube link of a short video introducing the course,Dán liên kết youtube của một video ngắn giới thiệu về khóa học,
Paste your embed code here., Dán mã nhúng của bạn ở đây.,
Paste,Dán,
Patch Log,Vá Đăng nhập,
Patch,Vá,
Path to CA Certs File,Đường dẫn đến tệp CA Certs,
Path to private Key File,Đường dẫn đến tệp khóa riêng,
Path to Server Certificate,Đường dẫn đến chứng chỉ máy chủ,
Path,Con đường,
pause,tạm ngừng,
Payment Cancelled,Thanh toán bị Hủy,
Payment Success,thanh toán thành công,
PayPal payment gateway settings,thiết lập cổng thanh toán PayPal,
PayPal Settings,Cài đặt PayPal,
Paytm payment gateway settings,Cài đặt cổng thanh toán Paytm,
Paytm Settings,Cài đặt Paytm,
PDF generation failed because of broken image links,Kiến tạo PDF thất bại bởi các đường dẫn hình ảnh bị vỡ,
PDF generation failed,Tạo PDF không thành công,
PDF Page Size,PDF kích thước trang,
PDF Settings,Thiết lập định dạng file PDF,
PDF,PDF,
pencil,bút chì,
Pending Approval,Chờ phê duyệt,
Pending Verification,Đang chờ xác minh,
Pending,Chờ,
People,Mọi người,
Percent Complete,Phần trăm hoàn thành,
Percent,Phần trăm,
Percentage,Tỷ lệ phần trăm,
Period,Thời gian,
Perm Level,Cấp độ cho phép,
Permanent,Dài hạn,
Permanently Cancel {0}?,Hủy bỏ vĩnh viễn {0}?,
Permanently delete {0}?,Xóa bỏ Vĩnh Viễn {0}?,
Permanently Submit {0}?,Gửi vĩnh viễn {0}?,
Permission Error,Lỗi quyền,
Permission Level,Cấp phép,
Permission Levels,Mức độ cho phép,
Permission Rules,Quy định cho phép,
Permissions are automatically applied to Standard Reports and searches.,Quyền được tự động áp dụng cho Báo cáo chuẩn và tìm kiếm.,
Permissions at higher levels are Field Level permissions. All Fields have a Permission Level set against them and the rules defined at that permissions apply to the field. This is useful in case you want to hide or make certain field read-only for certain Roles.,"Quyền hạn ở các cấp độ cao hơn chính là các quyền hạn cho cấp độ các trường, Tất cả các trường đều có cấp độ quyền hạn được thiết lập và các quy tắc được  xác định với các quyền hạn đó để áp dụng cho trường. Điều này rất hữu dụng trong trường hợp bạn muốn ẩn hoặc tạo một trường chắc chắn chỉ  đọc cho những quy tắc rõ ràng",
Permissions get applied on Users based on what Roles they are assigned.,Quyền được áp dụng trên người sử dụng dựa trên những gì vai trò được giao.,
Permissions,Quyền,
Permitted Documents For User,Tài liệu được phép Đối với tài,
Personal Data Deletion Request,Yêu cầu xóa dữ liệu cá nhân,
Personal Data Download Request,Yêu cầu tải xuống dữ liệu cá nhân,
Personal,Cá nhân,
Phone No.,Số điện thoại,
Phone,Chuyển tệp,
Pick a Slot,Chọn khung giờ,
Pick Columns,Chọn cột,
picture,tranh,
Pie,Bánh,
Pin Globally,Pin toàn cầu,
Pin To Bottom,Ghim xuống dưới,
Pin To Top,Ghim đầu trang,
Pincode,Pincode,
Places,Nơi,
plane,phi cơ,
Plant,Cây,
play-circle,chơi vòng tròn,
play,chơi,
Please add a subject to your email,Vui lòng thêm chủ đề vào email của bạn,
Please add a valid comment.,Vui lòng thêm một bình luận hợp lệ.,
Please ask your administrator to verify your sign-up,Hãy yêu cầu quản trị của bạn để xác minh của bạn đăng ký,
Please attach a file first.,Xin đính kèm một tập tin đầu tiên.,
Please attach an image file to set HTML,Vui lòng đính kèm tệp hình ảnh để đặt HTML,
Please check the filter values set for Dashboard Chart: {},Vui lòng kiểm tra các giá trị bộ lọc được đặt cho Biểu đồ bảng điều khiển: {},
Please check your email for verification,Hãy kiểm tra email của bạn để xác minh,
Please check your registered email address for instructions on how to proceed. Do not close this window as you will have to return to it.,Vui lòng kiểm tra địa chỉ email đã đăng ký để được hướng dẫn về cách tiến hành. Đừng đóng cửa sổ này vì bạn sẽ phải quay lại.,
Please click on the following link to set your new password,Vui lòng click vào các link sau đây để thiết lập mật khẩu mới,
Please close this window,Hãy đóng cửa sổ này,
Please confirm your action to {0} this document.,Vui lòng xác nhận hành động của bạn với {0} tài liệu này.,
Please create Card first,Vui lòng tạo thẻ trước,
Please create chart first,Vui lòng tạo biểu đồ trước,
Please do not change the rows above {0},Xin vui lòng không thay đổi các hàng trên {0},
Please do not change the template headings.,Xin vui lòng không thay đổi các tiêu đề mẫu.,
Please duplicate this to make changes,Hãy lặp lại này để thay đổi,
Please Duplicate this Website Theme to customize.,Hãy nhân đôi nền website này để tùy chỉnh.,
Please enable developer mode to create new connection,Vui lòng bật chế độ nhà phát triển để tạo kết nối mới,
Please enable pop-ups in your browser,Vui lòng bật cửa sổ bật lên trong trình duyệt của bạn,
Please enable pop-ups,Vui lòng kích hoạt cửa sổ pop-ups,
Please enable twilio settings before sending WhatsApp messages,Vui lòng bật cài đặt twilio trước khi gửi tin nhắn WhatsApp,
Please enable Twilio settings to send WhatsApp messages,Vui lòng bật cài đặt Twilio để gửi tin nhắn WhatsApp,
Please ensure that your profile has an email address,Hãy đảm bảo rằng hồ sơ của bạn có một địa chỉ email,
Please enter Access Token URL,Vui lòng nhập URL Truy cập Truy cập,
Please enter Authorize URL,Vui lòng nhập URL ủy quyền,
Please enter Base URL,Hãy nhập URL cơ sở,
Please enter Client ID before social login is enabled,Vui lòng nhập Client ID trước khi đăng nhập mạng xã hội được bật,
Please enter Client Secret before social login is enabled,Vui lòng nhập Client Secret trước khi đăng nhập mạng xã hội được kích hoạt,
Please enter Redirect URL,Vui lòng nhập URL chuyển hướng,
Please enter the password,Vui lòng nhập mật khẩu,
Please enter valid mobile nos,Vui lòng nhập nos điện thoại di động hợp lệ,
Please enter values for App Access Key and App Secret Key,Vui lòng nhập giá trị cho các ứng dụng Access Key và App bí mật chính,
Please Enter Your Password to Continue,Vui lòng nhập mật khẩu của bạn để tiếp tục,
Please find attached {0}: {1},Vui lòng tìm đính kèm {0}: {1},
Please generate keys for the Event Subscriber User {0} first.,"Trước tiên, hãy tạo khóa cho Người dùng đăng ký sự kiện {0}.",
Please hide the standard navbar items instead of deleting them,Vui lòng ẩn các mục tiêu chuẩn trên thanh điều hướng thay vì xóa chúng,
Please Install the ldap3 library via pip to use ldap functionality.,Vui lòng Cài đặt thư viện ldap3 qua pip để sử dụng chức năng ldap.,
Please make sure that there are no empty columns in the file.,Hãy chắc chắn rằng không có cột trống trong tập tin.,
Please make sure the Reference Communication Docs are not circularly linked.,Vui lòng đảm bảo Tài liệu liên lạc tham chiếu không được liên kết theo vòng tròn.,
Please refresh to get the latest document.,Xin vui lòng làm mới để có được những tài liệu mới nhất.,
Please save before attaching.,Hãy lưu trước khi đính kèm.,
Please save the document before assignment,Vui lòng lưu tài liệu trước khi chuyển nhượng,
Please save the document before removing assignment,Vui lòng lưu tài liệu trước khi tháo nhượng,
Please save the Newsletter before sending,Xin vui lòng lưu bản tin trước khi gửi đi,
Please save the report first,Hãy lưu lại báo cáo đầu tiên,
Please save to edit the template.,Vui lòng lưu để chỉnh sửa mẫu.,
Please select {0},Vui lòng chọn {0},
Please select a Amount Field.,Vui lòng chọn một Dòng Số tiền.,
Please select a file or url,Vui lòng chọn một tập tin hoặc url,
Please select a new name to rename,Vui lòng chọn một tên mới để đổi tên,
Please select a valid csv file with data,Vui lòng chọn một tập tin csv hợp lệ với các dữ liệu,
Please select a valid date filter,Vui lòng chọn một bộ lọc ngày hợp lệ,
Please select another payment method. PayPal does not support transactions in currency '{0}',Vui lòng chọn phương thức thanh toán khác. PayPal không hỗ trợ các giao dịch bằng tiền tệ '{0}',
Please select another payment method. Paytm does not support transactions in currency '{0}',Vui lòng chọn một phương thức thanh toán khác. Paytm không hỗ trợ các giao dịch bằng tiền tệ &#39;{0}&#39;,
Please select another payment method. Razorpay does not support transactions in currency '{0}',Vui lòng chọn phương thức thanh toán khác. Razorpay không hỗ trợ các giao dịch bằng tiền tệ '{0}',
Please select another payment method. Stripe does not support transactions in currency '{0}',Vui lòng chọn một phương thức thanh toán khác. Sọc không hỗ trợ giao dịch bằng tiền tệ &#39;{0}&#39;,
Please select applicable Doctypes,Vui lòng chọn Tài liệu áp dụng,
Please select atleast 1 column from {0} to sort/group,Vui lòng chọn ít nhất 1 cột từ {0} để sắp xếp/ nhóm,
Please select Company,Vui lòng chọn Công ty,
Please select DocType first,Vui lòng chọn DocType đầu tiên,
Please select document type first.,Vui lòng chọn loại tài liệu trước.,
Please select Entity Type first,Vui lòng chọn Loại thực thể trước,
Please select Minimum Password Score,Vui lòng chọn Điểm mật khẩu Tối thiểu,
Please select prefix first,Vui lòng chọn tiền tố đầu tiên,
Please select target language for translation,Vui lòng chọn ngôn ngữ đích để dịch,
Please select the Document Type.,Vui lòng chọn Loại tài liệu.,
Please set a printer mapping for this print format in the Printer Settings,Vui lòng đặt ánh xạ máy in cho định dạng in này trong Cài đặt máy in,
Please set API Key and Secret on the producer and consumer sites first.,Vui lòng đặt Khóa và Bí mật API trên các trang web của nhà sản xuất và người tiêu dùng trước.,
Please set Base URL in Social Login Key for Frappe,Vui lòng đặt URL cơ bản trong Khóa đăng nhập xã hội cho Frappe,
Please Set Chart,Vui lòng đặt biểu đồ,
Please set Dropbox access keys in your site config,Xin vui lòng thiết lập các phím truy cập Dropbox trong cấu hình trang web của bạn,
Please set Email Address,Hãy thiết lập Địa chỉ Email,
Please set filters value in Report Filter table.,Hãy thiết lập giá trị bộ lọc trong bảng Báo cáo Filter.,
Please set filters,Xin hãy thiết lập bộ lọc,
Please set the following documents in this Dashboard as standard first.,"Trước tiên, hãy đặt các tài liệu sau trong Trang tổng quan này làm tiêu chuẩn.",
Please set the series to be used.,Vui lòng đặt hàng loạt sẽ được sử dụng.,
Please setup a message first,Vui lòng thiết lập thông báo trước,
Please setup default Email Account from Setup > Email > Email Account,Vui lòng thiết lập Tài khoản Email mặc định từ Cài đặt&gt; Email&gt; Tài khoản Email,
Please specify which date field must be checked,Xin vui lòng xác định các lĩnh vực ngày phải được kiểm tra,
Please specify which value field must be checked,Hãy xác định những lĩnh vực giá trị phải được kiểm tra,
Please specify,Vui lòng chỉ,
Please try again,Vui lòng thử lại,
Please Update SMS Settings,Xin vui lòng cập nhật cài đặt tin nhắn SMS,
Please verify your Email Address,Vui lòng xác nhận địa chỉ email,
plus-sign,dấu cộng,
plus,thêm,
Point Allocation Periodicity,Định kỳ phân bổ điểm,
Points Given,Điểm cho,
Points,Điểm,
Pondicherry,Pondicherry,
Port,Cảng,
Portal Menu Item,Portal Menu Item,
Portal Menu,Portal Menu,
Portal Settings,Thiết lập cổng,
Portrait,Chân dung,
Position,Chức vụ,
Post Comment,đăng bình luận,
Post,Bài,
Post,Đăng,
Postal Code,Mã bưu chính,
Postal,Bưu chính,
Postprocess Method,Phương pháp Postprocess,
Posts by {0},Bài viết bởi {0},
Posts filed under {0},Bài viết đệ dưới {0},
Posts,Bài viết,
Precision should be between 1 and 6,Chính xác nên được giữa 1 và 6,
Precision,Độ chính xác,
Predictable substitutions like '@' instead of 'a' don't help very much.,"Các thay thế có thể dự đoán như @ thay vì ""a"" không giúp gì nhiều",
Prefer not to say,Không thích nói,
Preferred Billing Address,Địa chỉ thanh toán ưu tiên,
Preferred Shipping Address,Địa chỉ giao hàng ưu tiên,
Prefix,Tiền tố,
Prepared Report Expiry Period (Days),Thời hạn hết hạn báo cáo đã chuẩn bị (Ngày),
Prepared Report User,Người dùng báo cáo đã chuẩn bị,
Prepared Report,Báo cáo đã chuẩn bị,
Preparing Report,Chuẩn bị báo cáo,
Preprocess Method,Phương pháp tiền xử lý,
Press Alt Key to trigger additional shortcuts in Menu and Sidebar,Nhấn phím Alt để kích hoạt các phím tắt bổ sung trong Menu và Sidebar,
Press Cmd+Enter to post your comment,Nhấn Cmd+Enter để đăng bình luận,
Press Enter to save,Nhấn Enter để lưu,
Preview HTML,Preview HTML,
Preview Message,Xem trước tin nhắn,
Preview Video,Xem trước video,
Preview,Xem trước,
Previous Hash,Hash Trước đây,
Previous Page,Trang trước,
Previous,Trước,
Pricing and Certification,Giá cả và Chứng nhận,
Primary Color,Màu chính,
Primary,Vũ khí chinh,
Print Documents,In tài liệu,
Print Format {0} is disabled,Định dạng in {0} bị vô hiệu hóa,
Print Format Builder,Định dạng in Builder,
Print Format Help,Định dạng in Trợ giúp,
Print Format Type,Định dạng in Loại,
Print Format,Định dạng in,
Print Hide If No Value,In Hide Nếu Không Value,
Print Hide,In Ẩn,
Print Sent to the printer!,In Gửi đến máy in!,
Print Server,Máy chủ in,
Print Settings,Thông số in ấn,
Print Settings...,Cài đặt in ...,
Print Style Name,Tên Kiểu In,
Print Style Preview,xem trước kiểu in,
Print Style,Kiểu in,
Print taxes with zero amount,In thuế với số tiền bằng không,
Print UOM after Quantity,In UOM sau số lượng,
Print Width,Chiều rộng in,
Print with letterhead,In cùng với tiêu đề trang,
Print,In,
Printer Mapping,Bản đồ máy in,
Printer Name,Tên máy in,
Printer Settings,Cài đặt máy in,
Printer,Máy in,
Printing failed,Không in được,
Printing,In ấn,
Priority,Ưu tiên,
Private and public Notes.,Ghi chú cá nhân và công cộng.,
Private Key,Khóa cá nhân,
Private,Riêng,
Proceed Anyway,Vẫn tiếp tục,
Processing,Chế biến,
Processing...,Chế biến...,
Producer Document Name,Tên tài liệu sản xuất,
Producer URL,URL nhà sản xuất,
Prof,Cấp cao,
Profile,Hồ sơ,
Profilee,Hồ sơ,
Programming Exercises,Bài tập lập trình,
Programs,Chương trình,
Progress,"Tiến bộ, tiến trình",
Project,Dự Án,
Property Depends On,Tài sản phụ thuộc vào,
Property Setter overrides a standard DocType or Field property,Người định cư tài sản ghi đè một OCTYPE tiêu chuẩn hoặc trường tài sản,
Property Setter,Người định cư tài sản,
Property Type,Loại bất động sản,
Property,Tài sản,
ProTip: Add <code>Reference: {{ reference_doctype }} {{ reference_name }}</code> to send document reference,ProTip: Thêm <code>Reference: {{ reference_doctype }} {{ reference_name }}</code> để gửi tài liệu tham khảo,
Provider Name,Tên nhà cung cấp,
Provider,Các nhà cung cấp,
Public Key,Khóa công khai,
Public Transport,Phương tiện giao thông công cộng,
Public,Công bố,
Publish,Công bố,
Publishable Key,Phím có thể xuất bản được,
Published On,Được công bố trên,
Published on,Được xuất bản trên,
Published,Công bố,
Pull Failed,Kéo không thành công,
Pull from Google Calendar,Kéo từ Lịch Google,
Pull from Google Contacts,Kéo từ Danh bạ Google,
Pull Insert,Kéo chèn,
Pull Update,Pull Update,
Pull,Kéo,
Pulled from Google Calendar,Kéo từ Lịch Google,
Pulled from Google Contacts,Kéo từ Danh bạ Google,
Punjab,Punjab,
Purchase Manager,Mua quản lý,
Purchase Master Manager,Mua chủ quản lý,
Purchase User,Mua người dùng,
purple,màu tím,
Push Delete,Đẩy Xóa,
Push Failed,Đẩy không thành công,
Push Insert,Đẩy chèn,
Push to Google Calendar,Đẩy lên Lịch Google,
Push to Google Contacts,Nhấn vào Danh bạ Google,
Push Update,Push Cập nhật,
Push,Đẩy,
Python Module,Mô đun Python,
Pyver,Pyver,
QR Code for Login Verification,Mã QR để Xác minh đăng nhập,
QR Code,Mã QR,
qrcode,qrcode,
Quarter Day,ba tháng một lần,
Quarterly,Quý,
Query / Script,Truy vấn / Tập lệnh,
Query must be a SELECT,Truy vấn phải là một lựa chọn,
Query Options,Tùy chọn truy vấn,
Query Report,Báo cáo truy vấn,
query-report,truy vấn báo cáo,
Query,Truy vấn,
question-sign,câu hỏi-dấu,
Questions,Câu hỏi,
Queue / Worker,Hàng đợi / Công nhân,
Queue should be one of {0},Hàng chờ nên là một trong {0},
Queued for backup. It may take a few minutes to an hour.,Xếp hàng đợi để sao lưu. Nó có thể mất một vài phút đến một giờ.,
Queued for backup. You will receive an email with the download link,Đã xếp hàng để sao lưu. Bạn sẽ nhận được một email với liên kết tải xuống,
Queued,Xếp hàng,
Quick Entry,Bút toán nhanh,
Quick Help for Setting Permissions,Trợ giúp nhanh cho việc thiết lập quyền hạn,
Quiz,Bài kiểm tra,
Quizzes,Bài kiểm tra,
QZ Tray Connection Active!,Kết nối khay QZ đang hoạt động!,
QZ Tray Failed: ,Khay QZ không thành công:,
Rajasthan,Rajasthan,
random,ngẫu nhiên,
Range,Tầm,
Rank:,Cấp:,
Rating,Đánh giá,
Rating: ,Đánh giá:,
Raw Commands,Lệnh thô,
Raw Email,Email thô,
RAW Information Log,Nhật ký thông tin RAW,
Raw Printing Settings...,Cài đặt in thô ...,
Raw Printing,In thô,
Razorpay Payment gateway settings,thiết lập cổng thanh toán Razorpay,
Razorpay Settings,Cài đặt Razorpay,
Razorpay Signature Verification Failed,Xác minh Chữ ký Razorpay Không thành công,
Re: ,Lại:,
Re: {0},Lại: {0},
Read by Recipient On,Đọc bởi người nhận trên,
Read by Recipient,Đọc bởi người nhận,
Read Only Depends On,Chỉ đọc phụ thuộc vào,
Read Only,Chỉ đọc,
Read Time,Thơi gian đọc,
Read,Đọc,
Reason,Nguyên nhân,
Rebuild,Tái tạo,
Received,Nhận được,
Receiver By Document Field,Người nhận theo trường tài liệu,
Receiver By Role,Người nhận theo vai trò,
Receiver Parameter,thông số người nhận,
Recent Activity,Hoạt động gần đây,
Recent years are easy to guess.,Những năm gần đây rất dễ đoán.,
Recipient Unsubscribed,người nhận hủy đăng ký,
Recipient,Người nhận,
Recipients,Những Người nhận,
Record does not exist,Bản ghi không tồn tại,
Recorder,Máy ghi âm,
Records for following doctypes will be filtered,Các bản ghi cho các doctypes sau sẽ được lọc,
red,màu đỏ,
Redirect To,Chuyển đến,
Redirect URI Bound To Auth Code,Chuyển hướng URI hạn chế tới mã AUth,
Redirect URIs,Chuyển các URI,
Redirect URL,CHuyển hướng URL,
Redis cache server not running. Please contact Administrator / Tech support,Máy chủ cache Redis không chạy. Vui lòng liên hệ Quản trị viên / Hỗ trợ kỹ thuật,
Ref DocType,Loại văn bản tham khảo,
Ref Report DocType,Ref Report DocType,
Reference Date,Kỳ hạn tham chiếu,
Reference DocName,Tài liệu tham khảo,
Reference DocType and Reference Name are required,Tài liệu tham khảo và DocType Tên tài liệu tham khảo được yêu cầu,
Reference Doctype,Tài liệu tham khảo DocType,
Reference DocType,Tham khảo DocType,
Reference document has been cancelled,Tài liệu tham khảo đã bị hủy,
Reference Document Type,Tài liệu tham chiếu Type,
Reference Document,Tài liệu tham khảo,
Reference name,Tên tài liệu tham khảo,
Reference Name,Tên tham chiếu,
Reference Owner,Chủ đầu tư tham khảo,
Reference Report,Báo cáo tham khảo,
Reference Type,Loại tài liệu tham khảo,
Reference,Tham chiếu,
Reference: {0} {1},Tham khảo: {0} {1},
Referrer,Người giới thiệu,
Refresh All,Làm mới tất cả,
Refresh Google Sheet,Làm mới Google Trang tính,
Refresh Token,Thông báo làm mới,
Refresh,Làm mới,
refresh,Làm tươi,
Refreshing,Làm mới,
Refreshing...,Làm mới ...,
Region,Vùng,
Register OAuth Client App,Đăng ký OAuth ứng dụng khách hàng,
Registered but disabled,Đăng ký nhưng bị loại,
Rejected,Bị từ chối,
Relapsed,Tái phát,
Relapses,Tái phát,
Related Courses,Các khóa học liên quan,
Relink Communication,Truyền thông relink,
Relink,relink,
Relinked,liên kết lại,
Reload File,Tải lại tập tin,
Reload,Nạp lại,
Remember Last Selected Value,Ghi giá trị được lựa chọn cuối,
Remote Document Type,Loại tài liệu từ xa,
Remote Fieldname,Tên trường Từ xa,
Remote ID,ID từ xa,
Remote Objectname,Remote Objectname,
Remote Primary Key,Khóa chính từ xa,
Remote Value Filters,Bộ lọc giá trị từ xa,
Remote,Xa,
Remove all customizations?,Loại bỏ tất cả các tùy chỉnh?,
Remove Field,Di Dòng,
Remove Filter,Bỏ điều kiện lọc,
Remove Section,Xóa đoạn,
Remove Tag,Xóa thẻ,
remove-circle,loại bỏ vòng tròn,
remove-sign,Dấu hiệu loại bỏ-,
remove,tẩy,
Remove,Xóa Bỏ,
Removed {0},Đã Loại bỏ {0},
removed,loại bỏ,
Rename {0},Đổi tên {0},
Rename many items by uploading a .csv file.,Đổi tên nhiều mặt hàng bằng cách tải lên một tập tin csv..,
Rename,Đổi tên,
renamed from {0} to {1},đổi tên từ {0} đến {1},
Reopen,Mở cửa trở lại,
Repeat Header and Footer in PDF,Lặp lại Header và Footer trong PDF,
Repeat on Day,Lặp lại vào ngày,
Repeat on Last Day of the Month,Lặp lại vào ngày cuối cùng của tháng,
Repeat On,Lặp lại Mở,
Repeat this Event,Lặp lại sự kiện này,
Repeat Till,Đến lặp lại,
Repeat,lặp lại,
repeat,nói lại,
Repeats {0},Lặp lại {0},
Replied,Trả lời,
Reply All,Trả lời tất cả,
Reply,Đáp lại,
Report {0} is disabled,Báo cáo {0} bị vô hiệu hóa,
Report {0},Báo cáo {0},
Report Builder,Báo cáo Builder,
Report cannot be set for Single types,Báo cáo không thể được thiết lập cho các loại đơn,
Report Column,Cột Báo cáo,
Report Description,Mô tả Báo cáo,
Report Document Error,Báo cáo lỗi tài liệu,
Report End Time,Thời gian kết thúc báo cáo,
Report Filter,Bộ lọc Báo cáo,
Report Filters,Bộ lọc báo cáo,
Report Hide,Báo cáo Ẩn,
Report Information,Thông tin báo cáo,
Report Manager,Quản lý Báo cáo,
Report Name,Tên báo cáo,
Report of all document shares,Báo cáo của tất cả các cổ phiếu tài liệu,
Report Reference Doctype,Báo cáo Tham chiếu Doctype,
Report Start Time,Báo cáo thời gian bắt đầu,
Report Type,Loại báo cáo,
Report updated successfully,Báo cáo cập nhật thành công,
Report was not saved (there were errors),Báo cáo không được lưu (có lỗi),
Report with more than 10 columns looks better in Landscape mode.,Báo cáo với hơn 10 cột trông tốt hơn trong chế độ Phong cảnh.,
Report,Báo cáo,
Report:,Bài báo cáo:,
Reports & Masters,Báo cáo &amp; Thạc sĩ,
Reports already in Queue,Các báo cáo đã có trong Hàng đợi,
Reports,Báo cáo,
Represents a User in the system.,Đại diện cho một thành viên trong hệ thống.,
Represents the states allowed in one document and role assigned to change the state.,Đại diện cho tiểu bang cho phép trong một tài liệu và vai trò được giao để thay đổi trạng thái.,
Request Body consists of an invalid JSON structure,Nội dung yêu cầu bao gồm cấu trúc JSON không hợp lệ,
Request Data,Yêu cầu dữ liệu,
Request Structure,Cấu trúc yêu cầu,
Request Timed Out,Yêu cầu Timed Out,
Request URL,Yêu cầu URL,
Require Trusted Certificate,Yêu cầu chứng chỉ tin cậy,
Res: {0},Độ phân giải: {0},
Reset Chart,Đặt lại biểu đồ,
Reset Fields,Đặt lại trường,
Reset LDAP Password,Đặt lại mật khẩu LDAP,
Reset OTP Secret,Đặt lại OTP Secret,
Reset Password Key,Reset Password chính,
Reset Password,Đặt lại Mật khẩu,
Reset Permissions for {0}?,Thiết lập lại Quyền cho {0}?,
Reset the password for your account,Đặt lại mật khẩu cho tài khoản của bạn,
Reset to defaults,Đặt lại mặc định,
Reset your password,Đặt lại mật khẩu của bạn,
Reset,Thiết lập lại,
resize-full,thay đổi kích thước đầy,
resize-horizontal,thay đổi kích thước-ngang,
resize-small,thay đổi kích thước nhỏ,
resize-vertical,thay đổi kích thước thẳng đứng,
Response Type,Loại phản hồi,
Response,Phản hồi,
response,phản ứng,
Restore or permanently delete a document.,Khôi phục hoặc xóa vĩnh viễn 1 văn bản,
Restore Original Permissions,Khôi phục các quyền cơ bản,
Restore to default settings?,Khôi phục thông số mặc định,
Restore,khôi phục,
restored {0} as {1},phục hồi {0} là {1},
Restored,phục hồi,
Restoring Deleted Document,Khôi phục tài liệu đã xóa,
Restrict IP,Hạn chế IP,
Restrict To Domain,Giới hạn tên miền,
Restrict to Domain,Hạn chế miền,
Restrict user for specific document,Hạn chế người dùng đối với tài liệu cụ thể,
Restrict user from this IP address only. Multiple IP addresses can be added by separating with commas. Also accepts partial IP addresses like (111.111.111),Hạn chế người dùng từ địa chỉ IP này mà thôi. Nhiều địa chỉ IP có thể được thêm bằng cách tách biệt bằng dấu phẩy. Cũng chấp nhận địa chỉ IP một phần như (111.111.111),
Restricted,Hạn chế,
Restrictions,Những hạn chế,
Resume Sending,Tiếp tục gửi,
Resync,Đồng bộ lại,
Retake,Lấy lại,
Retry,Thử lại,
Return to the Verification screen and enter the code displayed by your authentication app,Quay lại màn hình Xác minh và nhập mã được hiển thị bởi ứng dụng xác thực của bạn,
retweet,gõ tweet lại,
Reverse Icon Color,Màu biển tượng đảo ngược,
Revert Of,Hoàn nguyên,
Revert,Hoàn nguyên,
Reverted,Hoàn nguyên,
Reverting length to {0} for '{1}' in '{2}'. Setting the length as {3} will cause truncation of data.,Hoàn nguyên độ dài thành {0} cho &#39;{1}&#39; trong &#39;{2}&#39;. Đặt độ dài là {3} sẽ khiến dữ liệu bị cắt bớt.,
Review Level,Đánh giá cấp,
Review Levels,Xem lại cấp độ,
Review Points,Điểm đánh giá,
Review Points:,Điểm đánh giá:,
Review the course,Đánh giá khóa học,
Review,Ôn tập,
Reviews,Đánh giá,
Reviews,Nhận xét,
Revoke,Thu hồi,
Revoked,bị thu hồi,
Rich Text,Rich Text,
Right,Được rồi.,
road,đường,
Robots.txt,robots.txt,
Role and Level,Vai trò và Cấp độ,
Role Name,Tên vai trò,
Role Permission for Page and Report,Quyền hạn vai trò cho trang và báo cáo,
Role Permissions Manager,Quản lý vai trò,
Role Permissions,Quyền hạn vai trò,
Role Profile,Hồ sơ Vai trò,
Role,Vai trò,
Roles Assigned,Vai trò được chỉ định,
Roles can be set for users from their User page.,Vai trò có thể được thiết lập cho người sử dụng từ trang người dùng của họ.,
Roles HTML,HTML của các vai trò,
Roles Html,Vai trò Html,
Roles,Vai trò,
Room Type,Loại phòng,
Room,Phòng,
Root {0} cannot be deleted,Gốc {0} không thể bị xóa,
Round Robin,Vòng Robin,
Route History,Lịch sử tuyến đường,
Route Redirects,Chuyển hướng tuyến,
Route to Success Link,Hướng đến liên kết thành công,
Route,Tuyến đường,
Row {0},Hàng {0},
Row {0}: Not allowed to disable Mandatory for standard fields,Hàng {0}: Không được phép bắt buộc Bắt buộc đối với trường tiêu chuẩn,
Row {0}: Not allowed to enable Allow on Submit for standard fields,Hàng{0}: Không có quyền hạn  để cho phép đệ trình các trường tiêu chuẩn,
Row #,Hàng #,
Row #{0}: Invalid Local Fieldname,Hàng # {0}: Tên trường cục bộ không hợp lệ,
Row #{0}: Please set Mapping or Default Value for the field {1} since its a dependency field,Hàng # {0}: Vui lòng đặt Ánh xạ hoặc Giá trị Mặc định cho trường {1} vì trường này là trường phụ thuộc,
Row #{0}: Please set remote value filters for the field {1} to fetch the unique remote dependency document,Hàng # {0}: Vui lòng đặt bộ lọc giá trị từ xa cho trường {1} để tìm nạp tài liệu phụ thuộc từ xa duy nhất,
Row #{0}:,Hàng # {0}:,
Row Index,Chỉ mục Hàng,
Row Name,Tên hàng,
Row No,Hàng Không,
Row Number,Số lượng hàng,
Row Status,Trạng thái Hàng,
Row Values Changed,Giá trị hàng thay đổi,
Row,Hàng,
Rows Added,hàng thêm,
Rows Removed,hàng bị hủy,
Rule Conditions,Điều kiện quy tắc,
Rule Name,Tên quy tắc,
Rule,Quy tắc,
Rules defining transition of state in the workflow.,Quy định việc xác định quá trình chuyển đổi của nhà nước trong các công việc.,
Rules with higher priority number will be applied first.,Các quy tắc có số ưu tiên cao hơn sẽ được áp dụng trước.,
Run Jobs only Daily if Inactive For (Days),Chỉ chạy công việc hàng ngày nếu không hoạt động trong (ngày),
Run scheduled jobs only if checked,Chạy các công việc dự kiến chỉ khi kiểm tra,
Run,Chạy,
s,S,Seconds (Field: Duration)
S3 Backup complete!,S3 Backup hoàn tất!,
S3 Backup Settings,Cài đặt sao lưu S3,
S3 Bucket Details,Chi tiết nhóm S3,
sa-east-1,sa-đông-1,
Sales Manager,Quản lý bán hàng,
Sales Master Manager,QUản lý bản hàng gốc,
Sales User,Bán tài khoản,
Salesforce,Lực lượng bán hàng,
Salutation,Sự chào,
Same Field is entered more than once,Trường Tương tự được nhập hơn một lần,
Sample,Mẫu,
Saturday,Thứ bảy,
Save Anyway,Bảo vệ bằng mọi cách,
Save API Secret: ,Lưu Bí mật API:,
Save As,Lưu,
Save Filter,Lưu bộ lọc,
Save filters,Lưu bộ lọc,
Save Report,Lưu lại báo cáo,
Save,Lưu,
Saved Successfully,Đã lưu thành công,
Saved,Đã lưu,
Saved,Lưu,
Saving,Tiết kiệm,
Saving...,Tiết kiệm...,
Scan the QR Code and enter the resulting code displayed.,Quét mã QR và nhập mã kết quả được hiển thị.,
Schedule Script,Lập lịch tập lệnh,
Schedule Send,Lên lịch gửi,
Schedule Sending,Lên lịch gửi,
Scheduled execution for script {0} has updated,Thực thi theo lịch trình cho tập lệnh {0} đã được cập nhật,
Scheduled Job Log,Nhật ký công việc theo lịch trình,
Scheduled Job Type,Loại công việc theo lịch trình,
Scheduled Job,Công việc theo lịch trình,
Scheduled To Send,Lên lịch gửi,
Scheduled,Dự kiến,
Scheduler Event,Sự kiện của người lập lịch,
Scheduler Inactive,Bộ lập lịch không hoạt động,
Scheduler is inactive. Cannot import data.,Trình lập lịch biểu không hoạt động. Không thể nhập dữ liệu.,
Scopes,scopes,
screenshot,ảnh chụp màn hình,
Script Manager,Quản lý tập lệnh,
Script or Query reports,Script hoặc báo cáo Truy vấn,
Script Report,Kịch bản Báo cáo,
Script to attach to all web pages.,Script để đính kèm vào tất cả các trang web.,
Script Type,Loại kịch bản,
Script,bản thảo,
Search by filename or extension,Tìm kiếm theo tên tệp hoặc phần mở rộng,
Search field {0} is not valid,lĩnh vực tìm kiếm {0} là không hợp lệ,
Search Fields,Tìm kiếm Fields,
Search for '{0}',Tìm kiếm &#39;{0}&#39;,
Search for anything,Tìm kiếm bất cứ điều gì,
Search Help,tìm kiếm sự trợ giúp,
Search in a document type,Tìm kiếm trong một loại tài liệu,
Search or Create a New Chat,Tìm kiếm hoặc Tạo một Trò chuyện mới,
Search or type a command,Tìm kiếm hoặc gõ lệnh,
Search Priorities,Ưu tiên tìm kiếm,
Search Results for ,Tìm kiếm kết quả cho,
Search results for,tìm kiếm kết quả cho,
Search Source Text,Tìm kiếm nguồn văn bản,
Search,Tìm kiếm,
Search...,Tìm kiếm...,
Searching ...,Đang tìm kiếm ...,
Searching,Đang tìm kiếm,
Secret Key,Chìa khoá bí mật,
Section Break,Phần phá vỡ,
Section Heading,Mục Heading,
Section,Phần,
Security Settings,Security Settings,
Security,Bảo mật,
See all past reports.,Xem tất cả các báo cáo trong quá khứ.,
See https://docs.aws.amazon.com/general/latest/gr/s3.html for details.,Xem https://docs.aws.amazon.com/general/latest/gr/s3.html để biết chi tiết.,
See on Website,Xem trên Website,
See the document at {0},Xem tài liệu tại {0},
Seems API Key or API Secret is wrong !!!,Dường như khóa API hoặc API ẩn có sai sót !!!,
Seems Publishable Key or Secret Key is wrong !!!,Dường như khóa xuất bản hoặc khóa ẩn có sai sót !!!,
Seems token you are using is invalid!,Dường như mã thông báo bạn đang sử dụng không hợp lệ!,
Seen By Table,Nhìn thấy bằng Bảng,
Seen By,Nhìn thấy bởi,
Seen,Đã xem,
Select {0},Chọn {0},
Select a Brand Image first.,Chọn Nhãn hiệu Hình ảnh đầu tiên.,
Select a chat to start messaging.,Chọn một cuộc trò chuyện để bắt đầu nhắn tin.,
Select a DocType to make a new format,Chọn một DOCTYPE để thực hiện một định dạng mới,
Select a group node first.,Chọn một nút nhóm đầu tiên.,
Select a valid Sender Field for creating documents from Email,Chọn Trường người gửi hợp lệ để tạo tài liệu từ Email,
Select a valid Subject field for creating documents from Email,Chọn trường Chủ đề hợp lệ để tạo tài liệu từ Email,
Select All,Chọn tất cả,
Select an existing format to edit or start a new format.,Chọn một định dạng có sẵn để chỉnh sửa hoặc bắt đầu một định dạng mới.,
Select an image of approx width 150px with a transparent background for best results.,Chọn một hình ảnh của khoảng chiều rộng 150px với nền trong suốt cho kết quả tốt nhất.,
Select atleast 1 record for printing,Chọn ít nhất 1 kỷ lục cho in ấn,
Select atleast 2 actions,Chọn ít nhất 2 hành động,
Select Attachments,Chọn File đính kèm,
Select Child Table,Chọn bảng con,
Select Column,Chọn Cột,
Select Columns,Select Columns,
Select Dashboard,Chọn Bảng điều khiển,
Select Date Range,Chọn phạm vi ngày,
Select DocType,Chọn DocType,
Select Doctype,Chọn loại tài liệu,
Select Document Type or Role to start.,Hãy chọn loại tài liệu hoặc Vai trò để bắt đầu.,
Select Document Type,Chọn kiểu tài liệu,
Select Document Types to set which User Permissions are used to limit access.,Chọn loại tài liệu để thiết lập tài khoản mà Quyền được sử dụng để hạn chế truy cập.,
Select Event Type,Chọn loại sự kiện,
Select Field,Chọn trường,
Select Field...,Chọn trường ...,
Select Fields To Insert,Chọn trường để chèn,
Select Fields To Update,Chọn các trường để cập nhật,
Select Fields,Chọn trường,
Select File Format,Chọn Định dạng tệp,
Select File Type,Chọn File Type,
Select Filters,Chọn bộ lọc,
Select From Date,Chọn từ ngày,
Select Google Calendar to which event should be synced.,Chọn Lịch Google để đồng bộ hóa sự kiện.,
Select Google Contacts to which contact should be synced.,Chọn Danh bạ Google mà liên hệ sẽ được đồng bộ hóa.,
Select Group By...,Chọn nhóm theo ...,
Select Language,Chọn ngôn ngữ,
Select Language...,Chọn ngôn ngữ...,
Select Languages,Chọn Ngôn ngữ,
Select list item,Chọn mục danh sách,
Select Mandatory,chọn Bắt buộc,
Select Module,Chọn module,
Select multiple list items,Chọn nhiều mục danh sách,
Select or drag across time slots to create a new event.,Chọn hoặc kéo trên các khe thời gian để tạo ra một sự kiện mới.,
Select Print Format to Edit,Chọn Format Print Edit,
Select Print Format,Chọn In Định dạng,
Select records for assignment,Chọn hồ sơ chuyển nhượng,
Select Role,Chọn Vai trò,
Select Table Columns for {0},Select Table Cột cho {0},
Select the label after which you want to insert new field.,Chọn nhãn sau đó bạn muốn chèn lĩnh vực mới.,
Select Transaction,Chọn giao dịch,
Select Your Region,Chọn khu vực của bạn,
Select,Chọn,
Self approval is not allowed,Tự phê duyệt không được phép,
Send After,Gởi Sau,
Send alert if date matches this field's value,Gửi cảnh báo nếu ngày phù hợp với giá trị của lĩnh vực này,
Send alert if this field's value changes,Gửi cảnh báo nếu thay đổi giá trị của lĩnh vực này,
Send Alert On,Gửi báo Mở,
Send an email reminder in the morning,Gửi một email nhắc nhở trong buổi sáng,
Send an email to {0} to link it here,Gửi email đến {0} để liên kết nó ở đây,
Send Attachments,Gửi tệp đính kèm,
Send days before or after the reference date,Gửi ngày trước hoặc sau ngày tham chiếu,
Send Email Alert,Gửi thông báo qua email,
Send Email for Successful Backup,Gửi email để sao lưu thành công,
Send Email Print Attachments as PDF (Recommended),Gửi Email In File đính kèm dưới dạng PDF (Recommended),
Send enquiries to this email address,Gửi yêu cầu đến địa chỉ email này,
Send Me A Copy of Outgoing Emails,Gửi cho tôi một bản sao của email gửi đi,
Send me a copy,Nhớ gửi Bản sao,
Send Notification To,Gửi thông báo cho,
Send Notification to,Gửi thông báo tới,
Send Notifications For Documents Followed By Me,Gửi thông báo cho các tài liệu do tôi theo dõi,
Send Notifications For Email Threads,Gửi thông báo cho chuỗi email,
Send Notifications To,Gửi thông báo để,
Send Now,Bây giờ gửi,
Send only if there is any data,Chỉ gửi nếu có bất kỳ dữ liệu,
Send Print as PDF,Gửi In PDF,
Send Read Receipt,Gửi tin xác nhận đọc,
Send System Notification,Gửi thông báo hệ thống,
Send To All Assignees,Gửi cho tất cả người được giao,
Send Unsubscribe Link,Gửi Hủy đăng ký liên kết,
Send unsubscribe message in email,Gửi tin nhắn hủy bỏ đăng ký trong email,
Send Welcome Email,Gửi Welcome Email,
Send,Gửi,
Sender Email,Email người gửi,
Sender Field should have Email in options,Trường Người gửi phải có Email trong các tùy chọn,
Sender Field,Trường người gửi,
Sender,Người gửi,
Sendgrid,Sendgrid,
Sending,Gửi,
Sent or Received,Gửi hoặc nhận,
Sent Read Receipt,Gửi xác nhận đọc,
Sent,Đã gửi,
Sent/Received Email,Email đã gửi / nhận,
Separator,Dấu phân cách,
Series {0} already used in {1},Loạt {0} đã được sử dụng trong {1},
Series List for this Transaction,Danh sách loạt cho các giao dịch này,
Server Action,Hành động máy chủ,
Server Error,Lỗi máy chủ,
Server IP,IP máy chủ,
Server Script,Tập lệnh máy chủ,
Service,Dịch vụ,
Session Default Settings,Cài đặt mặc định phiên,
Session Default,Phiên mặc định,
Session Defaults Saved,Mặc định phiên đã lưu,
Session Defaults,Mặc định phiên,
Session Expired,Phiên hết hạn,
Session Expiry in Hours e.g. 06:00,Phiên làm việc có thời hạn đến giờ... ví dụ 06:00,
Session Expiry Mobile,Hạn sử dụng phiên Mobile,
Session Expiry must be in format {0},Thời hạn Phiên làm việc phải có dạng {0},
Session Expiry,Phiên làm việc hết hạn,
Session Start Failed,Bắt đầu phiên không thành công,
Set as Default Theme,Đặt làm chủ đề mặc định,
Set as Default,Set as Default,
Set Banner from Image,Đặt Banner từ hình ảnh,
Set Chart,Đặt biểu đồ,
Set custom roles for page and report,Đặt vai trò tùy chỉnh cho trang và báo cáo,
Set Dynamic Filters,Đặt bộ lọc động,
Set Filters for {0},Đặt Bộ lọc cho {0},
Set Filters,Đặt bộ lọc,
Set New Password,Set Password mới,
Set non-standard precision for a Float or Currency field,Đặt độ chính xác phi tiêu chuẩn cho một lĩnh vực Float hoặc tệ,
Set Number of Backups,Đặt Số Backups,
Set numbering series for transactions.,Thiết lập đánh số hàng loạt cho các giao dịch.,
Set Only Once,Chỉ khi thiết lập,
Set Password,Đặt mật khẩu,
Set Permissions on Document Types and Roles,Set Quyền trên các loại tài liệu và vai trò,
Set Permissions,đặt quyền,
Set Property After Alert,Đặt thuộc tính Sau khi Thông báo,
Set Quantity,Đặt Số lượng,
Set Role For,Đặt Vai trò Đối với,
Set to 0 for no limit on the number of backups taken,Đặt thành 0 để không giới hạn số lượng bản sao lưu được thực hiện,
Set up rules for user assignments.,Thiết lập quy tắc cho bài tập của người dùng.,
Set User Permissions,Thiết lập Quyền tài,
Set Value,Thiết lập giá trị,
Set,Cài đặt,
Settings,Cài đặt,
Setting this Address Template as default as there is no other default,Địa chỉ thiết lập mẫu này như mặc định là không có mặc định khác,
Setting up Global Search documents.,Thiết lập tài liệu Tìm kiếm toàn cầu.,
Setting up your system,Thiết lập hệ thống của bạn,
Settings Dropdown,Cài đặt thả xuống,
Settings for About Us Page.,Cài đặt cho Giới thiệu trang.,
Settings for Contact Us Page,Cài đặt cho Trang Liên hệ,
Settings for Contact Us Page.,Cài đặt cho Trang Liên hệ.,
Settings for OAuth Provider,Cài đặt cho nhà cung cấp OAuth,
Settings for the About Us Page,Cài đặt cho các Giới thiệu Trang,
Settings,Cài đặt,
Setup > Customize Form,Cài đặt&gt; Tùy chỉnh biểu mẫu,
Setup > User Permissions,Thiết lập&gt; Quyền người dùng,
Setup > User,Cài đặt&gt; Người dùng,
Setup Auto Email,Cài đặt tự động Email,
Setup Complete,thiết lập hoàn thành,
Setup Notifications based on various criteria.,Thiết lập thông báo dựa trên các tiêu chí khác nhau.,
Setup Reports to be emailed at regular intervals,Báo cáo thiết lập để được gửi qua email đều đặn,
Setup Wizard,Trình cài đặt,
Setup,Cài đặt,
Share {0} with,Chia sẻ {0} với,
Share this document with,Chia sẻ tài liệu này với,
Share URL,Chia sẻ URL,
Share With,Chia sẻ với,
share-alt,cổ alt,
Share,Chia sẻ,
share,phần,
Shared with {0},Chia sẻ với {0},
Shared with everyone,Chia sẻ với tất cả mọi người,
Shared with the following Users with Read access:{0},Được chia sẻ với những Người dùng sau có quyền truy cập Đọc: {0},
Shared With,Với chia sẻ,
Shared,Chia sẻ,
Shipping,Vận chuyển,
Shop,Cửa hàng,
shopping-cart,mua sắm giỏ hàng,
Short Introduction,Giới thiệu ngắn,
Short keyboard patterns are easy to guess,Các mẫu bàn phím ngắn rất dễ đoán,
Short Name,Tên viết tắt,
Shortcuts,Phím tắt,
Show all Versions,Hiển thị tất cả các phiên bản,
Show as cc,Hiển thị như cc,
Show as Grid,Hiển thị dưới dạng lưới,
Show Attachments,Hiển thị tệp đính kèm,
Show Calendar,Hiển thị lịch,
Show CTA in Blog,Hiển thị CTA trong Blog,
Show Dashboard,Hiển thị bảng điều khiển,
Show Document,Hiển thị tài liệu,
Show failed jobs,Hiện những thao tác thất bại,
Show Failed Logs,Hiển thị nhật ký thất bại,
Show Form Tour,Hiển thị Tham quan Biểu mẫu,
Show Full Error and Allow Reporting of Issues to the Developer,Xem lỗi đầy đủ và cho phép báo cáo vấn đề lên   nhà phát triển,
Show full form instead of a quick entry modal,Hiển thị biểu mẫu đầy đủ thay vì một phương thức nhập nhanh,
Show Full Form?,Hiển thị Mẫu đầy đủ?,
Show in filter,Hiển thị trong bộ lọc,
Show in Module Section,Hiện trong Module Mục,
Show Keyboard Shortcuts,Hiển thị phím tắt,
Show Line Breaks after Sections,Hiện dòng Breaks sau mục,
Show More Activity,Hiển thị thêm hoạt động,
Show more details,Hiển thị thêm thông tin chi tiết,
Show only errors,Chỉ hiển thị lỗi,
Show percentage difference according to this time interval,Hiển thị phần trăm chênh lệch theo khoảng thời gian này,
Show Percentage Stats,Hiển thị Thống kê Phần trăm,
Show Permissions,Hiện Quyền,
Show Preview Popup,Hiển thị xem trước Popup,
Show Relapses,Hiện Tái phát,
Show Report,Hiển thị báo cáo,
Show Section Headings,Hiện tiêu đề mục,
Show Sidebar,Hiện Sidebar,
Show Tags,Hiển thị thẻ,
Show Title,HIện tiêu đề,
Show Totals,Hiện Totals,
Show Traceback,Hiển thị Trac trở lại,
Show Warnings,Hiển thị cảnh báo,
Show Weekends,Hiển thị các ngày cuối tuần,
Show,Chỉ,
show,hiển thị,
Showing only first {0} rows out of {1},Chỉ hiển thị các hàng {0} đầu tiên trong số {1},
Showing only Numeric fields from Report,Chỉ hiển thị các trường Số liệu từ Báo cáo,
Sidebar and Comments,sidebar và Bình luận,
Sidebar Items,Mục bên,
Sidebar Settings,Cài đặt sidebar,
Sign Up is disabled,Đăng ký bị vô hiệu hóa,
Sign Up,Đăng ký,
signal,tín hiệu,
Signature,Chữ ký,
Signup Disabled,Đăng ký bị vô hiệu hóa,
Signups have been disabled for this website.,Đăng ký đã bị vô hiệu hóa cho trang web này.,
Sikkim,Sikkim,
Simultaneous Sessions,phiên đồng thời,
since last month,kể từ tháng trước,
since last week,kể từ tuần trước,
since last year,kể từ năm ngoái,
since yesterday,từ hôm qua,
Single DocTypes cannot be customized.,DocTypes đơn không thể được tùy chỉnh.,
Single Post (article).,Duy nhất (bài viết).,
Single Types have only one record no tables associated. Values are stored in tabSingles,Các loại duy nhất chỉ có 1 bản ghi không có bảng liên hệ. Các định mức được tích trữ tại tabSingles,
Site URL,URL trang web,
Sites,Các trang web,
Size,Kích thước,
Skip Authorization,Bỏ qua ủy quyền,
Skip rows with errors,Bỏ qua hàng có lỗi,
Skip Step,Bỏ qua bước,
Skip,Nhảy,
Skipping column {0},Bỏ qua cột {0},
Skipping Duplicate Column {0},Bỏ qua cột trùng lặp {0},
Skipping Untitled Column,Bỏ qua cột không tên,
Skype,Skype,
Slack Channel,Slack Channel,
Slack Webhook Error,Lỗi Webhook Slack,
Slack Webhook URL,URL Webhook Slack,
Slack Webhooks for internal integration,Slack Webhooks cho tích hợp nội bộ,
Slack,Slack,
Slideshow Items,Slideshow mục,
Slideshow like display for the website,Slideshow như hiển thị cho trang web,
Slideshow Name,Tên slideshow,
Slideshow,Ảnh Slideshow,
Small Text,Tiêu đề nhỏ,
Smallest circulating fraction unit (coin). For e.g. 1 cent for USD and it should be entered as 0.01,Nhỏ nhất đơn vị lưu thông phân số (tiền xu). Đối với ví dụ 1 cent cho USD và nó cần được nhập như 0.01,
Smallest Currency Fraction Value,Nhỏ nhất Fraction tệ Giá trị,
SMS Gateway URL,URL cổng tin nhắn,
SMS Parameter,Thông số tin nhắn SMS,
SMS sent to following numbers: {0},SMS gửi đến số điện thoại sau: {0},
SMS Settings,Thiết lập tin nhắn SMS,
SMS was not sent. Please contact Administrator.,SMS đã không được gửi. Vui lòng liên hệ với Quản trị viên.,
SMS,tin nhắn,
SMTP Server,máy chủ SMTP,
SMTP Settings for outgoing emails,Cài đặt SMTP cho email gửi đi,
Snapshot View,Xem ảnh chụp,
Social Home,Trang chủ xã hội,
Social Link Settings,Cài đặt liên kết xã hội,
Social Link Type,Loại liên kết xã hội,
Social Login Key,Khóa đăng nhập xã hội,
Social Login Provider,Nhà cung cấp đăng nhập xã hội,
Social Logins,Đăng nhập xã hội,
Social,Xã hội,
Socketio is not connected. Cannot upload,Socketio không được kết nối. Không thể tải lên,
Soft-Bounced,Hỏng mềm,
Some columns might get cut off when printing to PDF. Try to keep number of columns under 10.,Một số cột có thể bị cắt khi in sang PDF. Cố gắng giữ số lượng cột dưới 10.,
Some of the features might not work in your browser. Please update your browser to the latest version.,Một số tính năng có thể không hoạt động trong trình duyệt của bạn. Vui lòng cập nhật trình duyệt của bạn lên phiên bản mới nhất.,
Something went wrong during the token generation. Click on {0} to generate a new one.,Đã xảy ra lỗi trong quá trình tạo mã thông báo. Nhấp vào {0} để tạo một cái mới.,
Something went wrong while generating dropbox access token. Please check error log for more details.,Đã xảy ra lỗi khi tạo dropbox cho thông báo truy cập,
Something went wrong while saving customizations,Đã xảy ra sự cố khi lưu các tùy chỉnh,
Something went wrong,Có gì đó sai sót,
Sorry! I could not find what you were looking for.,Xin lỗi! Tôi không thể tìm thấy những gì bạn yêu cầu,
Sorry! Sharing with Website User is prohibited.,Xin lỗi! Chia sẻ với người dùng website bị cấm.,
Sorry! User should have complete access to their own record.,Xin lỗi! Người sử dụng cần có quyền truy cập đầy đủ với bản ghi của họ,
Sorry! You are not permitted to view this page.,Xin lỗi! Bạn không được phép xem trang này.,
Sort field {0} must be a valid fieldname,Sắp xếp trường {0} phải là một trường tên hợp lệ,
Sort Field,Trường sắp xếp,
Sort Order,Thứ tự sắp xếp,
Source Message,Thông báo nguồn,
Source Name,Tên nguồn,
Source Text,Tiêu đề nguồn,
Source,Nguồn,
Spam,RAC,
SparkPost,Trang web SparkPost,
Special Characters are not allowed,Kí tự đặc biệt không được dùng,
Sr,sr,
SSL/TLS Mode,Chế độ SSL / TLS,
Staging,Dàn dựng,
Standard Not Set,Tiêu chuẩn không được đặt,
Standard Print Format cannot be updated,Tiêu chuẩn In Định dạng không thể được cập nhật,
Standard Print Style cannot be changed. Please duplicate to edit.,Không thể thay đổi kiểu chữ in tiêu chuẩn. Hãy sao chép để chỉnh sửa.,
Standard Reports,Báo cáo tiêu chuẩn,
Standard rich text editor with controls,Trình chỉnh sửa văn bản đa dạng thức tiêu chuẩn với các điều khiển,
Standard roles cannot be disabled,Các vai trò tiêu chuẩn không thể bị vô hiệu hóa,
Standard roles cannot be renamed,Vai trò tiêu chuẩn không thể đổi tên,
Standard Sidebar Menu,Thanh menu tiêu chuẩn bên cạnh,
Standard,Tiêu chuẩn,
Standings,Bảng xếp hạng,
star-empty,sao - rỗng,
star,ngôi sao,
Start a conversation.,Bắt đầu một cuộc trò chuyện.,
Start Date Field,Trường ngày bắt đầu,
Start Date,Ngày bắt đầu,
Start entering data below this line,Bắt đầu nhập dữ liệu dưới dòng này,
Start Import,Bắt đầu Nhập,
Start Learning,Bắt đầu học,
Start new Format,Bắt đầu  định dạng mới,
Start Time,Thời gian bắt đầu,
Start,Bắt đầu,
Started,Bắt đầu,
Starting Frappe ...,Bắt đầu Frappe ...,
Starts on,Bắt đầu vào,
StartTLS,StartTLS,
State,Tiểu bang,
State/Province,Bang / Tỉnh,
States,Các báo cáo,
Static Parameters,Các tham số tĩnh,
Statistics,Thống kê,
Stats based on last month's performance (from {0} to {1}),Số liệu thống kê dựa trên hiệu suất của tháng trước (từ {0} đến {1}),
Stats based on last week's performance (from {0} to {1}),Số liệu thống kê dựa trên hiệu suất của tuần trước (từ {0} đến {1}),
Stats Time Interval,Khoảng thời gian thống kê,
Stats,Số liệu thống kê,
Status Updated,Đã cập nhật trạng thái,
Status,Trạng thái,
Status: {0},Tình trạng: {0},
step-backward,bước lùi,
step-forward,bước về phía trước,
Step,Bươc,
Steps to verify your login,Các bước để xác minh đăng nhập của bạn,
Steps,Các bước,
stop,dừng lại,
Stopped,Đã ngưng,
Stores the JSON of last known versions of various installed apps. It is used to show release notes.,Cửa hàng JSON của phiên bản cuối cùng được biết các ứng dụng được cài đặt khác nhau. Nó được sử dụng để hiển thị các ghi chú phát hành.,
Straight rows of keys are easy to guess,hàng thẳng của các phím rất dễ đoán,
Stripe payment gateway settings,Cài đặt cổng thanh toán sọc,
Stripe Settings,Cài đặt Sọc,
Style Settings,Thiết lập phong cách,
Style,Thời trang,
Stylesheet,Biểu định kiểu,
Stylesheets for Print Formats,Stylesheets cho các định dạng In,
Sub-domain provided by erpnext.com,Sub-domain cung cấp bởi erpnext.com,
Subdomain,Tên miền phụ,
Subject Field,Trường Chủ đề,
Subject,Chủ đề,
Submit {0} documents?,Gửi {0} tài liệu?,
Submit After Import,Gửi sau khi nhập,
Submit after importing,Gửi sau khi nhập,
Submit an Issue,Nộp cho quản trị,
Submit for Review,Gửi để xem xét,
Submit this document to complete this step.,Gửi tài liệu này để hoàn thành bước này.,
Submit this document to confirm,Gửi tài liệu này để xác nhận,
Submit,Gửi,
Submitted Document cannot be converted back to draft. Transition row {0},Tài liệu gửi không thể được chuyển đổi trở lại dự thảo. Hàng chuyển {0},
submitted this document {0},đã gửi tài liệu này {0},
submitted this document,gửi tài liệu này,
Submitted,Đã lần gửi,
Submitting {0},Gửi {0},
Submitting,Trình,
Submitting...,Đệ trình ...,
Subscription Notification,Thông báo đăng ký,
Subsidiary,Công ty con,
Subtitle,Phụ đề,
Success Action,Hành động thành công,
Success Message,Thành công tin nhắn,
Success URL,URL thành công,
Success,Sự thành công,
success,Thành công,
Success! You are good to go 👍,Sự thành công! Bạn tốt để đi,
Successful Transactions,Giao dịch thành công,
Successful: {0} to {1},Thành công: {0} đến {1},
Successfully Done,Thực hiện thành công,
Successfully imported {0} record.,Đã nhập thành công bản ghi {0}.,
Successfully imported {0} records.,Nhập thành công hồ sơ {0}.,
Successfully Submitted!,Gửi thành công!,
Successfully updated {0} record.,Cập nhật thành công bản ghi {0}.,
Successfully updated {0} records.,Cập nhật thành công hồ sơ {0}.,
Successfully updated translations,Đã cập nhật thành công bản dịch,
Successfully Updated,Cập nhật thành công,
Suggested Username: {0},Tên đăng nhập đề nghị: {0},
Sum of {0},Tổng của {0},
Sum,Tổng,
Summary,Tóm lược,
Sunday,Chủ Nhật,
Support Email Address Not Specified,Địa chỉ email hỗ trợ không được chỉ định,
Suspend Sending,đình chỉ Gửi,
Switch To Desk,Chuyển đến Desk,
Symbol,Biểu tượng,
Sync Calendar,Lịch đồng bộ hóa,
Sync Contacts,Đồng bộ danh bạ,
Sync on Migrate,Sync trên Migrate,
Sync with Google Calendar,Đồng bộ hóa với Lịch Google,
Sync with Google Contacts,Đồng bộ hóa với Danh bạ Google,
Sync,Đồng bộ hóa,
Synced,Đã đồng bộ hóa,
Syncing {0} of {1},Đồng bộ hóa {0} trong {1},
Syncing,Đồng bộ hóa,
Syntax error in template,Lỗi cú pháp trong mẫu,
System and Website Users,Hệ thống và Website Người dùng,
System Console,Bảng điều khiển hệ thống,
System Manager,Hệ thống quản lý,
System managers are allowed by default,Người quản lý hệ thống được phép theo mặc định,
System Notification,Thông báo hệ thống,
System Page,Trang Hệ thống,
System Settings,Cài đặt hệ thống,
System User,Hệ thống tài,
System will automatically delete Prepared Reports after these many days since creation,Hệ thống sẽ tự động xóa các Báo cáo đã Chuẩn bị sau nhiều ngày kể từ khi tạo,
System,Hệ thống,
Table {0} cannot be empty,Bảng {0} không thể để trống,
Table Break,Ngắt bảng,
Table Field,bảng Dòng,
Table HTML,bảng HTML,
Table MultiSelect,Bảng MultiSelect,
Table updated,bảng cập nhật,
Table,Bảng,
Tag Link,Liên kết thẻ,
Tag,Nhãn,
tag,Tag,
Tags,các lần đánh dấu,
Tags,Thẻ,
Take Backup Now,lấy sao lưu ngay bây giờ,
Take Backup,Sao lưu,
Take Photo,Chụp hình,
taken,đã làm,
Tamil Nadu,Tamil Nadu,
Target,Mục tiêu,
Task,Nhiệm vụ,
tasks,nhiệm vụ,
Tax Category,Danh mục thuế,
Team Members Heading,Các thành viên nhóm dẫn đầu,
Team Members,Thành viên nhóm,
Telangana,Telangana,
Template Error,Lỗi mẫu,
Template Options,Tùy chọn mẫu,
Template Warnings,Cảnh báo mẫu,
Template,Mẫu,
Temporarily Disabled,Tạm thời bị vô hiệu hóa,
Test Email Address,Địa chỉ Email kiểm tra,
Test email sent to {0},Kiểm tra email đã được gửi đến {0},
Test Runner,chạy thử,
Test_Folder,Chạy_thư mục,
Test,K.tra,
Testing,Thử nghiệm,
Text Align,Căn lề văn bản,
Text Color,Màu văn bản,
Text Content,Nội dung văn bản,
Text Editor,Trình soạn thảo văn bản,
text in document type,văn bản trong loại tài liệu,
Text to be displayed for Link to Web Page if this form has a web page. Link route will be automatically generated based on `page_name` and `parent_website_route`,Văn bản sẽ được hiển thị cho liên kết đến trang Web nếu hình thức này có một trang web. Tuyến đường liên kết sẽ được tự động được tạo ra dựa trên `và` tên_trang` đường dẫn _ trang web _ lớn`,
text-height,chiều cao văn bản,
text-width,chiều rộng văn bản,
Text,Vãn bản,
th-large,th - rộng,
th-list,th-danh sách,
th,th,
Thank you for your email,Cảm ơn vì email này,
Thank you for your feedback!,Cảm ơn phản hôi của bạn!,
Thank you for your interest in subscribing to our updates,cảm ơn vì đã quan tâm đến việc đăng ký theo dõi các cập nhật của chúng tôi,
Thank you for your message,Cảm ơn vì tin nhắn của bạn,
Thank you,Cảm ơn bạn,
The {0} is already on auto repeat {1},{0} đã tự động lặp lại {1},
The attachments could not be correctly linked to the new document,Các tệp đính kèm không thể được liên kết chính xác với tài liệu mới,
The Auto Repeat for this document has been disabled.,Lặp lại tự động cho tài liệu này đã bị vô hiệu hóa.,
The column {0} has {1} different date formats. Automatically setting {2} as the default format as it is the most common. Please change other values in this column to this format.,Cột {0} có {1} các định dạng ngày khác nhau. Tự động đặt {2} làm định dạng mặc định vì nó là định dạng phổ biến nhất. Vui lòng thay đổi các giá trị khác trong cột này thành định dạng này.,
The comment cannot be empty,Nhận xét không được để trống,
The Condition '{0}' is invalid,Điều kiện &#39;{0}&#39; không hợp lệ,
The CSV format is case sensitive,Định dạng CSV phân biệt chữ hoa chữ thường,
The document could not be correctly assigned,Không thể gán đúng tài liệu,
The document has been assigned to {0},Tài liệu đã được gán cho {0},
The first user will become the System Manager (you can change this later).,Người dùng đầu tiên sẽ trở thành quản lý hệ thống (bạn có thể thay đổi điều này sau).,
The First User: You,Người dùng đầu tiên: Bạn,
The following records needs to be created before we can import your file.,Các hồ sơ sau đây cần được tạo trước khi chúng tôi có thể nhập tệp của bạn.,
The Link specified has either been used before or Invalid,Liên kết được chỉ định đã được sử dụng trước đó hoặc Không hợp lệ,
The mapping configuration between two doctypes.,Cấu hình ánh xạ giữa hai loại tài liệu.,
The name that will appear in Google Calendar,Tên sẽ xuất hiện trong Lịch Google,
The page you are looking for is missing. This could be because it is moved or there is a typo in the link.,Các trang web mà bạn đang tìm kiếm là mất tích. Đây có thể là vì nó được di chuyển hoặc có một lỗi đánh máy trong liên kết.,
The password of your account has expired.,Mật khẩu của tài khoản của bạn đã hết hạn.,
The process for deletion of {0} data associated with {1} has been initiated.,Quá trình xóa dữ liệu {0} được liên kết với {1} đã được bắt đầu.,
The resource you are looking for is not available,Các tài nguyên mà bạn đang tìm kiếm là không có sẵn,
The site which is consuming your events.,Các trang web đang tiêu thụ sự kiện của bạn.,
The site you want to subscribe to for consuming events.,Trang web bạn muốn đăng ký để tiêu thụ các sự kiện.,
The system provides many pre-defined roles. You can add new roles to set finer permissions.,Hệ thống cung cấp nhiều vai trò được xác định trước. Bạn có thể thêm vai trò mới để thiết lập quyền tốt hơn.,
The user from this field will be rewarded points,Người dùng từ lĩnh vực này sẽ được thưởng điểm,
The webhook will be triggered if this expression is true,Webhook sẽ được kích hoạt nếu biểu thức này là đúng,
Theme Configuration,Cấu hình chủ đề,
Theme URL,URL chủ đề,
Theme,Chủ đề,
There are {0} with the same filters already in the queue:,Đã có {0} với các bộ lọc tương tự trong hàng đợi:,
There are documents which have workflow states that do not exist in this Workflow. It is recommended that you add these states to the Workflow and change their states before removing these states.,Có những tài liệu có trạng thái dòng công việc không tồn tại trong Dòng công việc này. Bạn nên thêm các trạng thái này vào Dòng công việc và thay đổi trạng thái của chúng trước khi xóa các trạng thái này.,
There are no courses currently. Create your first course to get started!,Hiện không có khóa học nào. Tạo khóa học đầu tiên của bạn để bắt đầu!,
There are no courses currently. Keep an eye out, fresh learning experiences are on the way!,Hiện tại không có khóa học nào. Hãy chú ý theo dõi, những trải nghiệm học tập mới đang đến gần!,
There are no items in the slideshow.,Không có mục nào trong trình chiếu.,
There are no live courses on this site.,Không có khóa học trực tuyến nào trên trang này.,
There are no modules available.,Không có mô-đun nào có sẵn.,
There are no pending invitations.,Không có lời mời nào đang chờ xử lý.,
There are no reports available.,Không có báo cáo nào có sẵn.,
There are no scheduled jobs.,Không có công việc nào được lên lịch.,
There are no slideshows available.,Không có trình chiếu nào có sẵn.,
There are no slots available on this day.,Không có khung giờ nào trống trong ngày này.,
There are no tags available.,Không có thẻ nào có sẵn.,
There are some linked records which needs to be created before we can import your file. Do you want to create the following missing records automatically?,Có một số bản ghi được liên kết cần được tạo trước khi chúng tôi có thể nhập tệp của bạn. Bạn có muốn tự động tạo các bản ghi bị thiếu sau đây không?,
There are unsaved changes in the form. Do you want to leave without saving?,Có những
There can be only one Fold in a form,Chỉ có thể có một lần trong một mẫu,
There is {0} with the same filters already in the queue:,Đã có {0} với các bộ lọc tương tự trong hàng đợi:,
There is an error in your Address Template {0},Có một lỗi trong mẫu Địa chỉ của bạn {0},
There is no data to be exported,Không có dữ liệu nào được xuất khẩu,
There is some problem with the file url: {0},Có một số vấn đề với các url của tệp: {0},
There must be atleast one permission rule.,Phải có ít nhất một quy tắc cho phép.,
There should be atleast one row for {0} table,Cần có ít nhất một hàng cho bảng {0},
There should be atleast one row for the following tables: {0},Cần có ít nhất một hàng cho các bảng sau: {0},
There should remain at least one System Manager,Nên còn ít nhất một người quản lý hệ thống,
There was an error building this page,Đã xảy ra lỗi khi xây dựng trang này,
There was an error saving filters,Có một bộ lọc lưu lỗi,
There were errors while creating the document. Please try again.,Đã xảy ra lỗi khi tạo tài liệu. Vui lòng thử lại.,
There were errors while sending email. Please try again.,Có lỗi khi gửi email. Vui lòng thử lại sau.,
There were errors,Có một số lỗi,
These values will be automatically updated in transactions and also will be useful to restrict permissions for this user on transactions containing these values.,Những giá trị này sẽ được tự động cập nhật trong các giao dịch và cũng sẽ hữu ích để hạn chế quyền truy cập cho người dùng này về giao dịch có chứa các giá trị.,
Third Party Apps,Ứng dụng của bên thứ ba,
Third Party Authentication,Bên thứ ba xác thực,
This action is only allowed for {},Hành động này chỉ được phép cho {},
This cannot be undone,Điều này không thể được hoàn tác,
This card will be available to all Users if this is set,Thẻ này sẽ có sẵn cho tất cả Người dùng nếu thẻ này được đặt,
This chart will be available to all Users if this is set,Biểu đồ này sẽ có sẵn cho tất cả Người dùng nếu điều này được đặt,
This Currency is disabled. Enable to use in transactions,Giá trị tiền tệ này bị vô hiệu hóa. Cho phép sử dụng trong các giao dịch,
This document cannot be reverted,Tài liệu này không thể được hoàn nguyên,
This document has been modified after the email was sent.,Tài liệu này đã được sửa đổi sau khi email được gửi.,
This document has been reverted,Tài liệu này đã được hoàn nguyên,
This document is currently queued for execution. Please try again,Tài liệu này hiện đang chờ để thực hiện. Vui lòng thử lại,
This email is autogenerated,Email này được tạo tự động,
This email was sent to {0} and copied to {1},Email này được gửi tới {0} và sao chép vào {1},
This email was sent to {0},Email này được gửi tới {0},
This feature is brand new and still experimental,Tính năng này là thương hiệu mới và vẫn đang thử nghiệm,
This field will appear only if the fieldname defined here has value OR the rules are true (examples):\nmyfield\neval:doc.myfield=='My Value'\neval:doc.age&gt;18,Trường này sẽ chỉ xuất hiện nếu fieldname định nghĩa ở đây có giá trị hoặc các quy định là đúng (ví dụ): myfield eval: doc.myfield == &#39;Giá trị của tôi&#39; eval: doc.age&gt; 18,
This form does not have any input,Hình thức này không có bất kỳ đầu vào,
This form has been modified after you have loaded it,Hình thức này đã được sửa đổi sau khi bạn đã tải nó,
This format is used if country specific format is not found,Định dạng này được sử dụng nếu định dạng quốc gia cụ thể không được tìm thấy,
This goes above the slideshow.,Điều này đi trên các slideshow.,
This is a background report. Please set the appropriate filters and then generate a new one.,Đây là một báo cáo nền. Vui lòng đặt các bộ lọc thích hợp và sau đó tạo một bộ lọc mới.,
This is a top-10 common password.,Đây là một trong top 10 mật khẩu phổ biến.,
This is a top-100 common password.,Đây là một top-100 mật khẩu chung.,
This is a very common password.,Đây là một mật khẩu rất phổ biến.,
This is an automatically generated reply,Đây là một phản hồi được tự động tạo ra,
This is an example Google SERP Preview.,Đây là một ví dụ về Google SERP Preview.,
This is similar to a commonly used password.,Điều này cũng tương tự như một mật khẩu thường được sử dụng.,
This is the number of the last created transaction with this prefix,Đây là số lượng các giao dịch tạo ra cuối cùng với tiền tố này,
This is the template file generated with only the rows having some error. You should use this file for correction and import.,Đây là tệp mẫu được tạo chỉ với các hàng có lỗi. Bạn nên sử dụng tệp này để chỉnh sửa và nhập.,
This Kanban Board will be private,Bảng Kanban này là riêng tư,
This link has already been activated for verification.,Liên kết này đã được kích hoạt để xác minh.,
This link is invalid or expired. Please make sure you have pasted correctly.,Liên kết này là không hợp lệ hoặc hết hạn. Hãy chắc chắn rằng bạn đã dán một cách chính xác.,
This may get printed on multiple pages,Điều này có thể được in trên nhiều trang,
This month,Tháng này,
This Quarter,Hình vuông này,
This query style is discontinued,Kiểu truy vấn này đã bị ngừng,
This report was generated {0}.,Báo cáo này đã được tạo {0}.,
This report was generated on {0},Báo cáo này được tạo vào ngày {0},
This request has not yet been approved by the user.,Yêu cầu này chưa được người dùng chấp thuận.,
This role update User Permissions for a user,Vai trò này Quyền cập nhật người dùng cho một người sử dụng,
This title will be used as the title of the webpage as well as in meta tags,Tiêu đề này sẽ được sử dụng làm tiêu đề của trang web cũng như trong các thẻ meta,
This Week,Tuần này,
This will be shown in a modal after routing,Điều này sẽ được hiển thị trong một phương thức sau khi định tuyến,
This will be shown to the user in a dialog after routing to the report,Điều này sẽ được hiển thị cho người dùng trong một hộp thoại sau khi định tuyến đến báo cáo,
This will log out {0} from all other devices,Thao tác này sẽ đăng xuất ra {0} từ tất cả các thiết bị khác,
This will permanently remove your data.,Điều này sẽ xóa vĩnh viễn dữ liệu của bạn.,
This Year,Năm nay,
Throttled,Bị hạn chế,
Thumbnail URL,URL hình đại diện,
thumbs-down,trỏ xuống,
thumbs-up,trỏ lên,
Thursday,Thứ năm,
Time {0} must be in format: {1},Thời gian {0} phải ở định dạng: {1},
Time Format,Định dạng thời gian,
Time in seconds to retain QR code image on server. Min:<strong>240</strong>,Thời gian tính bằng giây để giữ lại hình ảnh mã QR trên máy chủ. Tối thiểu: <strong>240</strong>,
Time Interval,Khoảng thời gian,
Time series based on is required to create a dashboard chart,Chuỗi thời gian dựa trên được yêu cầu để tạo biểu đồ bảng điều khiển,
Time Series Based On,Chuỗi thời gian dựa trên,
Time Series,Chuỗi thời gian,
Time Zone,Múi giờ,
Time Zones,Các múi giờ,
Time,Thời gian,
Timeline DocType,Dòng thời gian của kiểu văn bản,
Timeline field must be a Link or Dynamic Link,Trường của dòng thời gian phải là một liên kết hoặc liên kết động,
Timeline field must be a valid fieldname,Trường của dòng thời gian phải là một trường tên hợp lệ,
Timeline Field,trường của dòng thời gian,
Timeline Links,Liên kết dòng thời gian,
Timeline Name,tên dòng thời gian,
Timeseries,Chuỗi thời gian,
Timespan,Thời gian,
Timestamp,Dấu thời gian,
Timezone,Múi giờ,
tint,gạch sọc,
Title Case,Đề mục của trường hợp,
Title field must be a valid fieldname,đoạn tiêu đề phải là một đoạn tên hợp lệ,
Title Field,Đoạn tiêu đề,
Title of the page,Tiêu đề của trang,
Title Prefix,tiền tố tiêu đề,
Title,Tiêu đề,
To and CC,To và CC,
To Date Field,Đến trường ngày,
To Date,Đến ngày,
To Do,Để làm,
To enable it follow the instructions in the following link: {0},"Để kích hoạt nó, hãy làm theo các hướng dẫn trong liên kết sau: {0}",
To manage your authorized third party apps,Để quản lý các ứng dụng bên thứ ba được cấp quyền,
To print output use <code>log(text)</code>,"Để in đầu ra, hãy sử dụng <code>log(text)</code>",
To User,Đến người dùng,
To,Đến,
Today,Hôm nay,
Today's Events,Sự kiện hôm nay,
ToDo,Việc cần làm,
Toggle Chart,Chuyển đổi biểu đồ,
Toggle Theme,Chuyển đổi chủ đề,
Toggle Charts,Chuyển đổi biểu đồ,
Toggle Grid View,Chuyển đổi Chế độ Xem Lưới,
Toggle Public/Private,Chuyển đổi công khai / riêng tư,
Toggle Sidebar,Chuyển đổi Sidebar,
toggle Tag,toggle Tag,
Token is missing,Thông báo bị mất,
Token,thông báo,
Too Many Requests,Quá nhiều yêu cầu,
Too many writes in one request. Please send smaller requests,Quá nhiều kí tự trong một yêu cầu. Xin vui lòng gửi yêu cầu ngắn hơn,
Top {0},Đầu {0},
Top Bar Item,Mẫu hàng ở thanh trên cùng,
Top Bar Items,Các mẫu hàng ở thanh trên cùng,
Top Performer,Phong độ tuyệt vời,
Top Reviewer,Người đánh giá hàng đầu,
Top,Hàng đầu,
Topic,Chủ đề,
Total number of emails to sync in initial sync process ,Tổng số lượng email để đồng bộ trong quá trình đồng bộ ban đầu,
Total Pages,Tổng số trang,
Total Rows,Tổng số Hàng,
Total Subscribers,Tổng số người theo dõi,
Total,Tổng sồ,
Totals Row,Tổng số hàng,
Totals,{0}{/0}{1}{/1} {2}{/2}Tổng giá trị,
Traceback,Tìm lại,
Track Changes,theo dõi các thay đổi,
Track Email Status,Theo dõi trạng thái email,
Track Field,Linh vực theo doi,
Track milestones for any document,Theo dõi các mốc quan trọng cho bất kỳ tài liệu,
Track Seen,đã xem theo dõi,
Track Views,Theo dõi lượt xem,
Tracks milestones on the lifecycle of a document if it undergoes multiple stages.,Theo dõi các mốc quan trọng trong vòng đời của một tài liệu nếu nó trải qua nhiều giai đoạn.,
Transaction Hash,Giao dịch Hash,
Transaction Log Report,Báo cáo nhật ký giao dịch,
Transaction Log,Nhật ký giao dịch,
Transgender,Chuyển giới,
Transition Rules,Quy định chuyển tiếp,
Transitions,Chuyển tiếp,
Translatable,Có thể dịch được,
Translate {0},Dịch {0},
Translated Message,Thông điệp đã dịch,
Translated Text,văn bản đã được dịch,
Translation Tool,Công cụ dịch thuật,
Translation,Dịch,
Translations,Bản dịch,
Trash,Rác,
trash,thùng rác,
Tree structures are implemented using Nested Set,Các cấu trúc cây được thực hiện bằng cách sử dụng Nested Set,
Tree view is not available for {0},Chế độ xem dạng cây không khả dụng cho {0},
Tree,Cây biểu thị,
Trigger Method,kích hoạt Phương pháp,
Trigger Name,Tên trình kích hoạt,
Trigger Primary Action,Hành động chính kích hoạt,
Tripura,Tripura,
Try to avoid repeated words and characters,Hãy cố gắng tránh những từ và ký tự lặp đi lặp lại,
Try to use a longer keyboard pattern with more turns,Hãy thử sử dụng một mô hình bàn phím lâu hơn với nhiều lượt hơn,
Tuesday,Thứ ba,
Twilio Number Group,Nhóm số Twilio,
Twilio Number,Số Twilio,
Twilio Settings,Cài đặt Twilio,
Twilio WhatsApp Message Error,Lỗi tin nhắn Twilio WhatsApp,
twitter,twitter,
Two Factor Authentication method,Phương pháp xác thực hai yếu tố,
Two Factor Authentication,Xác thực hai yếu tố,
Type here. Use markdown to format.,Nhập nội dung tại đây. Dùng markdown để định dạng.,
Type something in the search box to search,Gõ  gì đó trong hộp tìm kiếm để tìm kiếm,
Type title,Nhập tiêu đề,
Type,Loại,
Type:,Loại:,
UID,UID,
UIDNEXT,UIDNEXT,
UIDVALIDITY,UIDVALIDITY,
Unable to find attachment {0},Không thể tìm thấy tập tin đính kèm {0},
Unable to find DocType {0},Không thể tìm thấy DocType {0},
Unable to load camera.,Không thể tải máy ảnh.,
Unable to load: {0},Không thể tải: {0},
Unable to open attached file. Did you export it as CSV?,Không thể mở tập tin đính kèm. Bạn đã xuất  nó dưới dạng CSV?,
Unable to read file format for {0},Không thể đọc dạng tệp tin cho {0},
Unable to send emails at this time,Không thể gửi email vào thời điểm này,
Unable to update event,Không thể cập nhật sự kiện,
Unable to write file format for {0},Không thể viết dạng tệp tin cho {0},
Unassign Condition,Điều kiện chưa được gán,
Uncaught Server Exception,Ngoại lệ máy chủ chưa được thông báo,
Unchanged,Không thay đổi,
Under Development,Đang trong quá trình phát triển,
Under Review,Đang được xem xét,
Unfollow,Hủy theo dõi,
Unhandled Email,Email chưa xử lý,
Unique,Độc nhất,
Unknown Column: {0},Cột không rõ: {0},
Unknown User,Người dùng không biết,
Unknown View,Chế độ xem không xác định,
Unpin,Bỏ ghim,
Unread Notification Sent,Thông báo chưa đọc đã gửi,
Unread,chưa đọc,
UNSEEN,không thấy,
Unselect All,Bỏ chọn tất cả,
Unshared,Không thể được chia sẻ,
Unsubscribe Method,Hủy đăng ký phương pháp,
Unsubscribe Param,Hủy đăng ký Param,
Unsubscribe,Hủy đăng ký,
Unsubscribed,Bỏ đăng ký,
Unsupported File Format,Định dạng tập tin không được hỗ trợ,
Untitled Column,Cột không tên,
Untranslated,Chưa được dịch,
Unzip,không mở,
Unzipped {0} files,Giải nén tập tin {0},
Unzipping files...,Giải nén tập tin ...,
Upcoming Events for Today,Sự kiện sắp tới cho Hôm nay,
Upcoming Events,sự kiện sắp tới,
Upcoming,Sắp diễn ra,
Update Details,Cập nhật chi tiết,
Update Existing Records,Cập nhật hồ sơ hiện có,
Update Field,Cập nhật Dòng,
Update many values at one time.,Cập nhật nhiều giá trị cùng một lúc.,
Update records,Cập nhật hồ sơ,
Update Series Number,Cập nhật số sê ri,
Update Settings,Cập nhật cài đặt,
Update Translations,Cập nhật bản dịch,
Update Value,Cập nhật giá trị gia tăng,
Update,Cập nhật,
Updated {0}: {1},Cập nhật {0}: {1},
Updated successfully,Cập nhật thành công,
updated to {0},cập nhật để {0},
Updated To A New Version 🎉,Cập nhật lên phiên bản mới,
Updated,Đã được cập nhật,
Updating {0},Đang cập nhật {0},
Updating,Đang cập nhật,
Upload {0} files,Tải lên tập tin {0},
Upload Failed,Tải lên thất bại,
Upload file,Cập nhật dử liệu,
Upload,Tải lên,
uploaded file,tập tin tải lên,
Uploaded successfully,Tải lên thành công,
Uploaded To Dropbox,Đã tải lên Dropbox,
Uploaded To Google Drive,Đã tải lên Google Drive,
Uploading {0} of {1},Đang tải lên {0} trong số {1},
UPPER CASE,CHỮ HOA,
URL for documentation or help,URL cho tài liệu hoặc trợ giúp,
URL must start with 'http://' or 'https://',URL phải bắt đầu bằng &#39;http: //&#39; hoặc &#39;https: //&#39;,
URL of the page,URL của trang,
URL to go to on clicking the slideshow image,URL để truy cập khi nhấp vào hình ảnh trình chiếu,
URL,URL,
URLs,URL,
us-east-1,chúng tôi-đông-1,
us-east-2,chúng tôi-đông-2,
us-west-1,chúng tôi-tây-1,
us-west-2,chúng tôi-tây-2,
Usage Info,Thông tin sử dụng,
use % as wildcard,sử dụng ký tự đại diện% như,
Use % for any non empty value.,Sử dụng% cho bất kỳ giá trị nào không trống.,
Use ASCII encoding for password,Sử dụng mã hóa ASCII cho mật khẩu,
Use Different Email Login ID,Sử dụng ID đăng nhập email khác,
Use IMAP,Sử dụng IMAP,
Use of sub-query or function is restricted,Việc sử dụng truy vấn phụ hoặc chức năng bị hạn chế,
Use POST,Sử dụng POST,
Use Report Chart,Sử dụng biểu đồ báo cáo,
Use Same Name,Sử dụng cùng tên,
Use socketio to upload file,Sử dụng socketio để tải lên tệp,
Use SSL for Outgoing,Sử dụng SSL cho đi,
Use SSL,Sử dụng SSL,
Use this fieldname to generate title,Sử dụng đoạn tên này để tạo tiêu đề,
Use TLS,Sử dụng TLS,
Used For Google Maps Integration.,Được sử dụng để tích hợp Google Maps.,
User ,Người sử dụng,
User '{0}' already has the role '{1}',Tài &#39;{0}&#39; đã có vai trò &#39;{1}&#39;,
User {0} cannot be deleted,Người sử dụng {0} không thể bị xóa,
User {0} cannot be disabled,Người sử dụng {0} không thể bị vô hiệu hóa,
User {0} cannot be renamed,Người sử dụng {0} không thể đổi tên,
User {0} does not have access to this document,Người dùng {0} không có quyền truy cập vào tài liệu này,
User {0} does not have doctype access via role permission for document {1},Người dùng {0} không có quyền truy cập doctype thông qua quyền vai trò cho tài liệu {1},
User {0} has requested for data deletion,Người dùng {0} đã yêu cầu xóa dữ liệu,
User {0} is disabled,Người sử dụng {0} bị vô hiệu hóa,
User {0} not found on the producer site,Người dùng {0} không được tìm thấy trên trang web của nhà sản xuất,
User Agent,Đại lý người dùng,
User can login using Email id or Mobile number,Người dùng có thể đăng nhập bằng cách sử dụng Email id hoặc Mobile number,
User can login using Email id or User Name,Người dùng có thể đăng nhập bằng cách sử dụng Email id hoặc User Name,
User Cannot Create,Người sử dụng không thể tạo,
User Cannot Search,Người sử dụng không thể tìm kiếm,
User Defaults,Mặc định người sử dụng,
User does not exist,người dùng không tồn tại,
User editable form on Website.,Người dùng có thể chỉnh sửa hình thức trên Website.,
User Email,Email Người dùng,
User Emails,email người sử dụng,
User Field,Trường người dùng,
User ID of a Blogger,User ID của một Blogger,
User ID Property,Tài sản ID người dùng,
User ID,ID người dùng,
User Id,Tên người dùng,
User Image,Sử dụng hình ảnh,
User is mandatory for Share,Người sử dụng là bắt buộc đối với chia sẻ,
User must always select,Người sử dụng phải luôn luôn chọn,
User Name,Tên người dùng,
User not allowed to delete {0}: {1},Người sử dụng không được phép xóa {0}: {1},
User permission already exists,Quyền của người dùng đã tồn tại,
User Permission,Giấy phép sử dụng,
User Permissions are used to limit users to specific records.,Quyền người dùng được sử dụng để giới hạn người dùng đối với các bản ghi cụ thể.,
User Permissions created sucessfully,Quyền người dùng được tạo thành công,
User permissions should not apply for this Link,QUyền hạn người dùng không nên áp dụng  Liên kết này,
User Permissions,Quyền hạn người dùng,
User Profile,Thông tin người dùng,
User Roles,Vai trò người sử dụng,
User Settings,Thiết lập người dùng,
User Social Login,User Social Login,
User Tags,Các lần đánh dấu người sử dụng,
User Type,Loại người sử dụng,
User,Người dùng,
Username {0} already exists,Tên đăng nhập {0} đã tồn tại,
Username,Tên đăng nhập,
Users and Permissions,Người sử dụng và Quyền,
Users assigned to the reference document will get points.,Người dùng được gán cho tài liệu tham khảo sẽ nhận được điểm.,
Users To Notify,Người dùng thông báo,
Users with role {0}:,Người sử dụng với vai trò {0}:,
Users,Người sử dụng,
Uses the Email Address mentioned in this Account as the Sender for all emails sent using this Account. ,Sử dụng Địa chỉ Email nêu tại tài khoản này là người gửi cho tất cả các email được gửi bằng tài khoản này.,
Uses the Email Address Name mentioned in this Account as the Sender's Name for all emails sent using this Account.,Sử dụng Tên Địa chỉ Email được đề cập trong Tài khoản này làm Tên Người gửi cho tất cả các email được gửi bằng Tài khoản này.,
Using this console may allow attackers to impersonate you and steal your information. Do not enter or paste code that you do not understand.,Sử dụng bảng điều khiển này có thể cho phép những kẻ tấn công mạo danh bạn và lấy cắp thông tin của bạn. Không nhập hoặc dán mã mà bạn không hiểu.,
Uttar Pradesh,Uttar Pradesh,
Uttarakhand,Uttarakhand,
Valid email and name required,Yêu cầu Tên và Email hợp lệ,
Valid Login id required.,Yêu cầu Tài khoản đăng nhập hợp lệ,
Valid,Có hiệu lực,
Validate Field,Xác thực trường,
Validation Error,Lỗi xác nhận,
Validity,Hiệu lực,
Value {0} missing for {1},Giá trị {0} bị thiếu cho {1},
Value {0} must be in the valid duration format: d h m s,Giá trị {0} phải ở định dạng thời lượng hợp lệ: dhms,
Value {0} must in {1} format,Giá trị {0} phải ở định dạng {1},
Value Based On,Giá trị dựa trên,
Value cannot be changed for {0},Giá trị không thể thay đổi cho {0},
Value cannot be negative for {0}: {1},Giá trị không được âm cho {0}: {1},
Value cannot be negative for,Giá trị không được âm cho,
Value Change,Thay đổi giá trị,
Value Changed,Thay đổi giá trị,
Value for {0} cannot be a list,Giá trị {0} không thể là một danh sách,
Value for a check field can be either 0 or 1,Giá trị cho một đoạn kiểm tra có thể là 0 hoặc 1,
Value for field {0} is too long in {1}. Length should be lesser than {2} characters,Giá trị cho trường {0} quá dài trong {1}. Độ dài phải nhỏ hơn {2} ký tự,
Value from this field will be set as the due date in the ToDo,Giá trị từ trường này sẽ được đặt làm ngày đến hạn trong Công việc,
Value missing for,Giá trị mất tích,
Value must be one of {0},Giá trị phải là một trong {0},
Value To Be Set,Giá trị Để Đặt,
Value to Validate,Giá trị để xác thực,
Value too big,Giá trị quá lớn,
Value,Giá trị,
Values Changed,giá trị thay đổi,
values separated by commas,các giá trị cách nhau bằng dấu phẩy,
Verdana,Verdana,
Verfication Code,Mã xác minh,
Verification code email not sent. Please contact Administrator.,Mã xác nhận email không được gửi. Vui lòng liên hệ với Quản trị viên.,
Verification code has been sent to your registered email address.,Mã xác minh đã được gửi tới địa chỉ email đã đăng ký của bạn.,
Verification Code,Mã xác nhận,
Verification Link,Liên kết xác minh,
Verification,xác minh,
Verified,Đã xác minh,
Verifier,Trình xác minh,
Verify Password,Xác Nhận Mật Khẩu,
Verify,Xác nhận,
Verifying...,Xác minh ...,
Version Updated,Đã cập nhật phiên bản,
Version,Phiên bản,
via {0},qua {0},
via Assignment Rule,thông qua Quy tắc phân công,
via automatic rule {0} on {1},thông qua quy tắc tự động {0} trên {1},
via Data Import,thông qua nhập dữ liệu,
via Notification,thông qua thông báo,
Video URL,URL video,
View {0},Xem {0},
View All,Xem tất cả,
View Comment,Xem bình luận,
View document,Xem tài liệu,
View Full Log,Xem nhật ký đầy đủ,
View List,Xem danh sách,
View Log,Xem nhật kí,
View Permitted Documents,Xem tài liệu được cho phép,
View Properties (via Customize Form),Xem Tài sản (qua mẫu đặc chế),
View Ref,Xem tham chiếu,
View report in your browser,Xem báo cáo trong trình duyệt của bạn,
View Report,Xem báo cáo,
View Settings,Xem Cài đặt,
View this in your browser,Xem này trong trình duyệt của bạn,
View Website,Xem trang web,
Viewed By,Được xem bởi,
viewed,đã xem,
Visit Web Page,Truy cập trang web,
Visit,Lần,
Visitor,Khách viếng thăm,
volume-down,giảm âm lượng,
volume-off,tắt âm lượng,
volume-up,tăng âm lượng,
Warehouse,Kho hàng,
warning-sign,Dấu hiệu cảnh báo,
Warning,Cảnh báo,
Warning: Unable to find {0} in any table related to {1},Cảnh báo: Không thể tìm thấy {0} trong bất kỳ bảng nào liên quan đến {1},
Was this article helpful?,Bài viết này hữu ích không?,
Watch Video,Xem video,
We have received a request for deletion of {0} data associated with: {1},Chúng tôi đã nhận được yêu cầu xóa dữ liệu {0} được liên kết với: {1},
We have received a request from you to download your {0} data associated with: {1},Chúng tôi đã nhận được yêu cầu từ bạn để tải xuống dữ liệu {0} của bạn được liên kết với: {1},
Web Form Field,Trường mẫu Web,
Web Form Fields,Các đoạn mẫu web,
Web Form,mẫu web,
Web Link,Liên kết web,
web link,Web liên kết,
Web Page Block,Khối trang web,
Web Page Link Text,Văn bản liên kết trang web,
Web Page View,Xem trang web,
Web Page,Trang web,
Web Site,Website,
Web Template Field,Trường Mẫu Web,
Web Template Values,Giá trị Mẫu Web,
Web Template,Mẫu web,
Web View,Xem web,
Webhook Data,Dữ liệu Webhook,
Webhook Header,Tiêu đề Webhook,
Webhook Headers,Webhook Headers,
Webhook Request,Yêu cầu Webhook,
Webhook Secret,Bí mật webhook,
Webhook Security,Bảo mật webhook,
Webhook Trigger,Kích hoạt webhook,
Webhook URL,URL Webhook,
Webhook,Webhook,
Webhooks calling API requests into web apps,Webhooks gọi các yêu cầu API vào các ứng dụng web,
Website Analytics,Phân tích trang web,
Website Manager,Quản trị viên Website,
Website Meta Tag,Thẻ meta trang web,
Website Route Meta,Trang web Tuyến Meta,
Website Route Redirect,Chuyển hướng trang web,
Website Script,Bản thảo website,
Website Settings,Thiết lập website,
Website Sidebar Item,Mục thanh bên của trang web,
Website Sidebar,Thanh bên của trang web,
Website Slideshow Item,Mục trình diễn website,
Website Slideshow,Trình diễn Website,
Website Theme Ignore App,Ứng dụng bỏ qua chủ đề trang web,
Website Theme Image Link,link ảnh giao diện website,
Website Theme Image,Ảnh giao diện website,
Website Theme,Giao diện Website,
Website User,Website của người dùng,
Website,Website,
Wednesday,Thứ tư,
Week,Tuần,
Weekdays,Ngày thường,
Weekly Long,Hàng tuần dài,
Weekly,Hàng tuần,
Welcome email sent,Email chào mừng gửi,
Welcome Email Template,Mẫu email chào mừng,
Welcome Message,Thư chào mừng,
Welcome to {0},Chào mừng bạn đến {0},
West Bengal,Tây Bengal,
Which view of the associated DocType should this shortcut take you to?,Lối tắt này sẽ đưa bạn đến chế độ xem DocType được liên kết nào?,
Width,Chiều rộng,
Widths can be set in px or %.,Chiều rộng có thể được thiết lập trong px hoặc%.,
Wildcard Filter,Bộ lọc ký tự đại diện,
Will be used in url (usually first name).,Sẽ được sử dụng trong url (tên thường đầu tiên).,
Will be your login ID,Sẽ là ID đăng nhập của bạn,
Will only be shown if section headings are enabled,Sẽ chỉ được hiển thị nếu phần tiêu đề được kích hoạt,
Will run scheduled jobs only once a day for inactive sites. Default 4 days if set to 0.,Sẽ chạy các công việc theo lịch trình chỉ một lần một ngày cho các trang web không hoạt động. Mặc định 4 ngày nếu được đặt thành 0.,
With Letter head,Với đầu thư,
With Letterhead,Với tiêu đề trang,
Worflow States Don't Exist,Các trạng thái Worflow không tồn tại,
Workflow Action is not created for optional states,Workflow Action không được tạo cho các trạng thái tùy chọn,
Workflow Action Master,CHủ hành động công việc,
Workflow Action Name,Tên hành động công việc,
Workflow Action,Công việc hành động,
Workflow Document State,Công việc tài liệu nhà nước,
Workflow Name,Tên công việc,
Workflow State Field,Đoạn trạng thái công việc,
Workflow State not set,Luồng công việc chưa được đặt,
Workflow state represents the current state of a document.,tình trạng làm việc đại diện cho tình trạng hiện tại của văn bản,
Workflow State transition not allowed from {0} to {1},Chuyển đổi trạng thái dòng công việc không được phép từ {0} sang {1},
Workflow State,Công việc nhà nước,
Workflow Status,Tình trạng quy trình làm việc,
Workflow Transition,Chuyển tiếp quy trình làm việc,
Workflow,Quy trình làm việc,
workspace,không gian làm việc,
wrench,cờ lê,
Write a review,Viết đánh giá,
Write,Viết,
Wrong Fetch From value,Tìm nạp sai từ giá trị,
Wrong fieldname <b>{0}</b> in add_fetch configuration of custom script,Tên trường sai <b>{0}</b> trong cấu hình add_fetch của tập lệnh tùy chỉnh,
X Axis Field,Trục X,
X Field,Trường X,
XLSX,XLSX,
Y Axis Fields,Trục Y trục,
Y Axis,Trục Y,
Y Field,Trường Y,
Yahoo Mail,Yahoo Mail,
Yandex.Mail,Yandex.Mail,
Year,Năm,
Yearly,Hàng năm,
yellow,màu vàng,
Yes,Đồng ý,
Yesterday,Hôm qua,
You are connected to internet.,Bạn đã kết nối internet.,
You are not allowed to access this {0} record because it is linked to {1} '{2}' in field {3},Bạn không được phép truy cập bản ghi này {0} vì nó được liên kết với {1} '{2}' trong trường {3},
You are not allowed to create columns,Bạn không được phép để tạo ra cột,
You are not allowed to delete a standard Website Theme,Bạn không được phép xóa Theme mặc định,
You are not allowed to delete Standard Report,Bạn không được phép xóa Báo cáo Chuẩn,
You are not allowed to export {} doctype,Bạn không được phép xuất {} doctype,
You are not allowed to print this document,Bạn không được phép in tài liệu này,
You are not allowed to print this report,Bạn không được phép in báo cáo này,
You are not allowed to send emails related to this document,Bạn không được phép gửi email liên quan đến tài liệu này,
You are not allowed to update this Web Form Document,Bạn không được phép cập nhật,
You are not connected to Internet. Retry after sometime.,Bạn không kết nối Internet. Thử lại sau khi.,
You are not permitted to access this page.,Bạn không được phép truy cập vào trang này.,
You are not permitted to view the newsletter.,Bạn không được phép xem bản tin.,
You are now following this document. You will receive daily updates via email. You can change this in User Settings.,Bây giờ bạn đang theo dõi tài liệu này. Bạn sẽ nhận được cập nhật hàng ngày qua email. Bạn có thể thay đổi điều này trong Cài đặt người dùng.,
You can add dynamic properties from the document by using Jinja templating.,Bạn có thể thêm các thuộc tính đa năng từ các tài liệu bằng cách sử dụng khuôn mẫu Jinja.,
You can also copy-paste this ,Bạn cũng có thể sao chép-dán này,
You can also copy-paste this {0} to your browser,Bạn cũng có thể sao chép-dán {0} này vào trình duyệt của mình,
You can find things by asking 'find orange in customers',Bạn có thể tìm thấy bằng cách đặt câu hỏi 'tìm trái cam trong các khách hàng',
You can only upload upto 5000 records in one go. (may be less in some cases),Bạn chỉ có thể tải lên tối đa 5000 bản ghi trong một lệnh. (Có thể ít hơn trong một số trường hợp),
You can try changing the filters of your report.,Bạn có thể thử thay đổi các bộ lọc của báo cáo của bạn.,
You can use Customize Form to set levels on fields.,Bạn có thể sử dụng Tùy chỉnh mẫu  để thiết lập cấp độ trên các đoạn.,
You can use wildcard %,Bạn có thể sử dụng ký tự đại diện%,
You can't set 'Options' for field {0},Bạn không thể đặt &#39;Tùy chọn&#39; cho trường {0},
You can't set 'Translatable' for field {0},Bạn không thể đặt &#39;Có thể dịch được&#39; cho trường {0},
You cannot create a dashboard chart from single DocTypes,Bạn không thể tạo biểu đồ trang tổng quan từ một DocTypes,
You cannot give review points to yourself,Bạn không thể đưa ra điểm đánh giá cho chính mình,
You cannot unset 'Read Only' for field {0},"Bạn không thể bỏ 'Chỉ xem ""cho đoạn {0}",
You do not have enough permissions to access this resource. Please contact your manager to get access.,Bạn không có đủ quyền truy cập tài nguyên này. Hãy liên hệ với quản lý của bạn để có được quyền truy cập.,
You do not have enough permissions to complete the action,Bạn không có đủ quyền để hoàn thành hành động,
You do not have enough points,Bạn không có đủ điểm,
You do not have enough review points,Bạn không có đủ điểm đánh giá,
You do not have permissions to cancel all linked documents.,Bạn không có quyền hủy tất cả các tài liệu được liên kết.,
You don't have access to Report: {0},Bạn không có quyền truy cập vào báo: {0},
You don't have any messages yet.,Bạn chưa có thư nào.,
You don't have permission to access this file,Bạn không có quyền truy cập tập tin này,
You don't have permission to get a report on: {0},Bạn không có quyền nhận bản báo cáo về: {0},
You don't have the permissions to access this document,Bạn không có quyền truy cập vào tài liệu này,
You gained {0} point,Bạn đã đạt được {0} điểm,
You gained {0} points,Bạn đã đạt được {0} điểm,
You have a new message from: ,Bạn có một tin nhắn mới từ:,
You have been successfully logged out,Bạn đã đăng nhập thành công ra,
You have reached the hourly limit for generating password reset links. Please try again later.,Bạn đã đạt đến giới hạn hàng giờ để tạo liên kết đặt lại mật khẩu. Vui lòng thử lại sau.,
You have unsaved changes in this form. Please save before you continue.,Bạn có thay đổi chưa được lưu trong mẫu này. Xin vui lòng lưu trước khi tiếp tục.,
You have unseen {0},Bạn có {0} không nhìn thấy,
You haven't added any Dashboard Charts or Number Cards yet.,Bạn chưa thêm bất kỳ Biểu đồ Trang tổng quan hoặc Thẻ số nào.,
You haven't completed your profile.,Bạn chưa hoàn thành hồ sơ cá nhân.,
You may continue with onboarding,Bạn có thể tiếp tục với việc giới thiệu,
You must login to submit this form,Bạn phải đăng nhập để trình duyệt mẫu này,
You need to be in developer mode to edit a Standard Web Form,Bạn cần phải ở trong chế độ nhà phát triển để sửa một mẫu Tiêu chuẩn web,
You need to be in developer mode to edit this document,Bạn cần ở chế độ nhà phát triển để chỉnh sửa tài liệu này,
You need to be logged in and have System Manager Role to be able to access backups.,Bạn cần phải đăng nhập và có vai trò là System Manager để có thể truy cập vào các bản sao lưu.,
You need to be logged in to access this {0}.,Bạn cần phải đăng nhập để truy cập {0} này.,
You need to be logged in to access this page,Bạn cần phải đăng nhập để truy cập trang này,
You need to create these first: ,Bạn cần tạo những thứ này trước:,
You need to enable JavaScript for your app to work.,Bạn cần kích hoạt JavaScript để ứng dụng của bạn hoạt động.,
You need to install pycups to use this feature!,Bạn cần cài đặt pycups để sử dụng tính năng này!,
You need write permission to rename,Bạn cần có quyền sửa để đổi tên,
You seem good to go!,Bạn có vẻ tốt để đi!,
You selected Draft or Cancelled documents,Bạn đã chọn Bản nháp hoặc đã hủy các tài liệu,
You unfollowed this document,Bạn đã bỏ theo dõi tài liệu này,
You,Bạn,
Your account has been locked and will resume after {0} seconds,Tài khoản của bạn đã bị khóa và sẽ tiếp tục sau {0} giây,
Your assignment on {0} {1} has been removed by {2},Bài tập của bạn trên {0} {1} đã bị xóa bởi {2},
Your connection request to Google Calendar was successfully accepted,Yêu cầu kết nối của bạn vào Lịch Google đã được chấp nhận thành công,
Your Country,Quốc gia của bạn,
Your Email Address,Địa chỉ email của bạn,
Your information has been submitted,Thông tin của bạn đã được gửi,
Your Language,Ngôn ngữ của bạn,
Your login id is,Id đăng nhập của bạn là,
Your Name,Tên của bạn,
Your organization name and address for the email footer.,Tên tổ chức của bạn và địa chỉ dùng cho chữ ký dưới email,
Your payment has been successfully registered.,Thanh toán của bạn đã được đăng ký thành công.,
Your payment has failed.,Thanh toán của bạn đã không thành công.,
Your payment is cancelled.,Thanh toán của bạn bị hủy.,
Your payment was successfully accepted,thanh toán của bạn đã được chấp nhận thành công,
Your Shortcuts,Các phím tắt của bạn,
Your system is being updated. Please refresh again after a few moments.,Hệ thống của bạn đang được cập nhật. Vui lòng làm mới lại sau một vài phút.,
Your Target,Mục tiêu của bạn,
yyyy-mm-dd,yyyy-mm-dd,
Zero means send records updated at anytime,Số 0 nghĩa là gửi các bản ghi cập nhật bất cứ lúc nào,
Zero,Số 0,
zoom-in,Phóng to,
zoom-out,Thu nhỏ,
Getting started,Bắt Đầu,
steps,bước,
Start now,Bắt đầu ngay bây giờ,
Set Color,Đặt màu,
Set Default,Đặt Mặc định,
Set as Default,Cài đặt làm Mặc định,
Set as default,Cài đặt làm mặc định,
Set Permissions,Đặt quyền,
Set Priority,Đặt mức ưu tiên,
Set Role Permissions,Đặt quyền vai trò,
Set Status,Đặt trạng thái,
Set as Read Only,Đặt làm Chỉ đọc,
Set,Đặt,
Swatches,Mẫu vải,
Welcome to Frappe Learning,Chào mừng đến với Frappe Learning,
steps completed,bước đã hoàn thành,
Skip all,Bỏ qua tất cả,
Skip,Tiếp,
Create your first course,Tạo khóa học đầu tiên của bạn,
Add your first chapter,Thêm chương đầu tiên của bạn,
Add your first lesson,Thêm bài học đầu tiên của bạn,
Create your first quiz,Tạo bài kiểm tra đầu tiên của bạn,
Invite your team and students,Mời nhóm và học viên của bạn,
Create your first batch,Tạo nhóm đầu tiên của bạn,
Add students to your batch,Thêm học viên vào nhóm của bạn,
Add courses to your batch,Thêm khóa học vào nhóm của bạn,
Help centre,Trung tâm trợ giúp,
No programs,Không có chương trình
There are no programs currently. Keep an eye out fresh learning experiences are on the way!,Hiện tại chưa có chương trình nào. Hãy chú ý theo dõi những trải nghiệm học tập mới đang đến gần!,
All Batches,Tất cả khóa học con,
Unpublished,Chưa xuất bản,
Search by Title,Tìm kiếm theo tiêu đề,
No courses found!,Không tìm thấy khóa học!,
No lessons found!,Không tìm thấy bài học!,
No chapters found!,Không tìm thấy chương!,
Create Program,Tạo chương trình,
Enforce Course Order,Thực thi thứ tự khóa học,
No courses added yet.,Chưa có khóa học nào được thêm vào.
No members added yet.,Chưa có thành viên nào được thêm.,
About,Giới thiệu,
No introduction,Chưa có phần giới thiệu,
Certificates,Chứng chỉ,
You have not received any certificates yet.,Bạn chưa nhận được chứng chỉ nào.,
Roles,Vai trò,
Moderator,Người điều hành,
Course Creator,Người tạo khóa học,
Slots,Vị trí,
My availability,Khả năng của tôi,
Add Slot,Thêm vị trí,
I am unavailable,Tôi không có sẵn,
My calendar,Lịch của tôi,
Schedule,Lịch trình,
No Quizzes,Không có bài kiểm tra,
No quizzes,Không có bài kiểm tra nào,
There are no quizzes currently. Keep an eye out, fresh learning experiences are on the way!,Hiện tại không có bài kiểm tra nào. Hãy chú ý theo dõi, những trải nghiệm học tập mới đang đến gần!,
Create a Quiz,Tạo một bài kiểm tra,
Create an Assignment,Tạo một bài tập,
No Assignments,Không có bài tập,
No assignments,Không có bài tập nào,
There are no assignments currently. Keep an eye out, fresh learning experiences are on the way!,
Hiện tại không có bài tập nào. Hãy chú ý theo dõi, những trải nghiệm học tập mới đang đến gần!,
Create Assignment,Tạo bài tập,
Submissions,Bài nộp,
No submissions yet.,Chưa có bài nộp nào.,
Student, Học viên,
Assignment Due Date,Ngày đến hạn bài tập,
Submitted On,Đã nộp vào,
Grade,Bảng điểm,
Feedback,Phản hồi,
Add Feedback,Thêm phản hồi,
You have not submitted any assignments yet.,Bạn chưa nộp bất kỳ bài tập nào.,
Attempt Quiz,Tạo bài kiểm tra,
No attempts yet.,Chưa có nỗ lực nào.,
You have not attempted this quiz yet.,Bạn chưa thử bài kiểm tra này.,
Time Taken,Thời gian thực hiện,
Your Score,Điểm số của bạn,
out of,ngoài,
Correct Answers,Câu trả lời đúng,
Total Questions,Tổng số câu hỏi,
Quiz Feedback,Phản hồi bài kiểm tra,
Add Quiz Feedback,Thêm phản hồi bài kiểm tra,
You have not taken any quizzes yet.,Bạn chưa tham gia bất kỳ bài kiểm tra nào.,
Start Learning,Bắt đầu học,
Continue Learning,Tiếp tục học,
Resume Course,Khóa học tiếp tục,
Go to Course,Đi đến khóa học,
No Courses Enrolled,Không có khóa học nào được đăng ký,
You are not enrolled in any courses yet. Browse our courses and start learning!,Bạn chưa đăng ký bất kỳ khóa học nào. Duyệt qua các khóa học của chúng tôi và bắt đầu học!,
Browse Courses,Duyệt khóa học,
Enroll Now,Đăng ký ngay,
My Courses,Khóa học của tôi,
Completed Courses,Khóa học đã hoàn thành,
In Progress Courses,Khóa học đang tiến hành,
Wishlist,Danh sách mong muốn,
No courses in wishlist.,Không có khóa học trong danh sách mong muốn.,
Explore Courses,Khám phá các khóa học,
Add to Wishlist,Thêm vào danh sách mong muốn,
Remove from Wishlist,Xóa khỏi danh sách mong muốn,
Course Overview,Tổng quan về khóa học,
What you'll learn,Bạn sẽ học được gì,
Course Content,Nội dung khóa học,
Instructor,Giảng viên,
Reviews,Đánh giá,
Related Courses,Khóa học liên quan,
Similar Courses,Khóa học tương tự,
Students,Học viên,
Enrollments,Đăng ký,
Duration,Thời lượng,
Level,Cấp độ,
Language,Ngôn ngữ,
Certificate of Completion,Chứng chỉ hoàn thành,
Frequently Asked Questions,Các câu hỏi thường gặp,
Have a question? Ask the instructor.,Có câu hỏi? Hỏi giảng viên.,
Ask a Question,Đặt câu hỏi,
No questions asked yet.,Chưa có câu hỏi nào được đặt.,
Submit Question,Gửi câu hỏi,
Your question has been submitted successfully.,Câu hỏi của bạn đã được gửi thành công., 
Answer this Question,Trả lời câu hỏi này,
No answers yet.,Chưa có câu trả lời nào.,
Your answer has been submitted successfully.,Câu trả lời của bạn đã được gửi thành công.,
Write a Review,Viết đánh giá,
Submission Type,Loại bài nộp,
Question,Câu hỏi,
Open Jobs,Vị trí tuyển dụng,
No job openings,Không có vị trí tuyển dụng nào,
There are no job openings currently. Keep an eye out, fresh learning experiences are on the way!,Hiện tại không có vị trí tuyển dụng nào. Hãy chú ý theo dõi, những trải nghiệm học tập mới đang đến gần!,
New Job,Công việc mới,
Job Details,Chi tiết công việc,
Work Mode,
On site,
Hybrid,Kết hợp,
Remote,Từ xa,
Company Details,Chi tiết công ty,
Company Email Address,Địa chỉ email công ty,
Company Website,Trang web công ty,
Company Logo,Logo công ty,
Jobs,Công việc,
Statistics,Thống kê,
Courses,Các khóa học,
Signups,Đăng ký,
Enrollments,Đăng ký,
Completions,Hoàn thành,
Certifications,Chứng nhận,
Unread,Chưa đọc,
Read,Đã đọc,
Programming Exercise Submissions,Bài nộp bài tập lập trình,
No Submissions,Không có bài nộp,
No programming exercise submissions,Không có bài nộp bài tập lập trình nào,
There are no programming exercise submissions currently. Keep an eye out, fresh learning experiences are on the,
No programming exercises,Không có bài tập lập trình nào,
There are no programming exercises currently. Keep an eye out, fresh learning experiences are on the way!,Hiện tại không có bài tập lập trình nào. Hãy chú ý theo dõi, những trải nghiệm học tập mới đang đến gần!,
Create Programming Exercise,Tạo bài tập lập trình,
Problem Statement,Bài toán tuyên bố,
Input,Đầu vào,
Expected Output,Đầu ra mong đợi,
Test this Exercise,Kiểm tra bài tập này,
Check Submission,Kiểm tra bài nộp,
